cod_assunto;dsc_assunto;cod_assunto_pai;situacao
14087;Natureza Jurídica;14083;A
14088;Honorários Advocatícios;14083;A
14100;(Fato até 10/01/2023) Injúria Preconceituosa em Razão de Raça;12543;A
14101;(Fato até 10/01/2023) Injúria Preconceituosa em Razão de Cor;12543;A
14102;(Fato até 10/01/2023) Injúria Preconceituosa em Razão de Etnia;12543;A
14103;(Fato até 10/01/2023) Injúria Preconceituosa em Razão de Origem;12543;A
14104;Condição de Pessoa Idosa;12543;A
14105;Condição de Pessoa Portadora de Deficiência;12543;A
14106;(Fato até 10/01/2023) Injúria Preconceituosa em Razão de Orientação Sexual;12543;A
14107;(Fato até 10/01/2023) Injúria Preconceituosa em Razão de Identidade de Gênero;12543;A
14108;(Fato até 10/01/2023) Análogo à Injúria Preconceituosa em Razão de Raça;12547;A
14109;(Fato até 10/0/2023) Análogo à Injúria Preconceituosa em Razão de Origem;12547;A
14110;(Fato até 10/01/2023) Análogo à Injúria Preconceituosa em Razão de Etnia;12547;A
14111;(Fato até 10/01/2023) Análogo à Injúria Preconceituosa em Razão de Cor;12547;A
14112;Condição de Pessoa  Idosa;12547;A
14113;Condição de Pessoa Portadora de Deficiência;12547;A
14114;(Fato até 10/01/2023) Análogo à Injúria Preconceituosa em Razão de Orientação Sexual;12547;A
14115;(Fato até 10/01/2023) Análogo à Injúria Preconceituosa em Razão de Identidade de Gênero;12547;A
14116;Contribuição Confederativa;13276;A
14117;Atleta Profissional;13641;A
14118;Equipamento de Proteção Individual - EPI;13875;A
14120;Subempreitada;14034;A
14121;Moratórios Comuns;8826;A
14122;Tutela Provisória de Urgência;12958;A
14124;Quebra de Sigilo Telemático;10604;A
14126;Alimentos Gravídicos;5626;A
14127;Crédito Rural;10402;A
14128;FGTS;10394;A
14129;Compensação Financeira pela Exploração de Recursos Minerais (CFEM);10106;A
14130;Sistema Prisional;9986;A
14131;Dispensa;10385;A
14132;Inexigibilidade;10385;A
14133;Concorrência;10386;A
14134;Tomada de Preço;10386;A
14135;Convite;10386;A
14136;Concurso;10386;A
14137;Leilão;10386;A
14138;Pregão;10386;A
14139;Presencial;14138;A
14140;Eletrônico;14138;A
14141;Descontos Indevidos;10337;A
14142;Adicional de Inatividade;10338;A
14143;Gratificação de Compensação Orgânica;10338;A
14144;Ajuda de Custo;10340;A
14145;Soldo Legal e Ajustado;10341;A
14146;Restituição ao Erário;10337;A
14147;Valores Antecipados na Tutela Revogada/Cassada;14146;A
14148;Acidentes;10502;A
14149;Exposição a Substâncias Tóxicas - Dicloro-Difenil-Tricloroetano (DDT/Mercúrio/Outras);14148;A
14150;Concurso Público - Nomeação/Posse Tardia;10502;A
14151;Correspondência - ECT;10502;A
14154;Devolução de Cheques;10502;A
14155;Inscrição em Cadastro Restrito de Crédito;10502;A
14156;Protesto Indevido de Títulos;10502;A
14157;Roubo/Leilão Indevido de Bem Empenhado;10502;A
14158;Saque Fraudulento;10502;A
14159;Política Pública de Preços;10502;A
14161;Tráfego de Veículo com Excesso de Peso;10502;A
14162;Acidentes;9992;A
14163;Exposição a Substâncias Tóxicas (Dicloro-Difenil-Tricloroetano (DDT / Mercúrio / Outras);14162;A
14164;Ausência/Deficiência de Fiscalização;9992;A
14165;Concurso Público - Nomeação/Posse Tardia;9992;A
14166;Ausência/Deficiência de Fiscalização;10502;A
14167;Correspondência - ECT;9992;A
14168;Devolução de Cheques;9992;A
14169;Inscrição em Cadastro Restritivo de Crédito;9992;A
14170;Protesto Indevido de Títulos;9992;A
14171;Roubo/Leilão Indevido de Bem Empenhado;9992;A
14172;Saque Fraudulento;9992;A
14173;Política Pública de Preços;9992;A
14174;Tráfego de Veículo com Excesso de Peso;9992;A
14175;Assédio Moral;9992;A
14176;Tarifa;10075;A
14177;Ciência Sem Fronteiras;12795;A
14178;Renovação de Matrícula - Inadimplência;12795;A
14179;Perda de Prazo de Matrícula;12795;A
14180;Moléstia Profissional ou Doença Grave;10255;A
14194;Acidente em Serviço;10255;A
14195;Maioridade;10253;A
14196;Índice da URP - 26,05% (1989);10313;A
14197;Índice da URP - 26,06% (1987);10313;A
14198;Natureza do Cargo Acumulável;10225;A
14199;Regime de Dedicação Exclusiva;10225;A
14200;Limite de Carga Horária - Jornada Semanal;10225;A
14201;Progressão Funcional com Interstício de Doze Meses;10236;A
14202;Lei Geral de Proteção de Dados (LGPD);9985;A
14203;Proteção de Dados Pessoais;14202;A
14204;Privacidade;14202;A
14205;Lei Geral de Proteção de Dados (LGPD);899;A
14206;Proteção de Dados Pessoais;14205;A
14207;Privacidade;14205;A
14220;Contas-  Simplificada;11693;A
14221;Falsificação ou Alteração de Documento Particular para Fins Eleitorais;11467;A
14222;Impugnação - Reclamação à Ata Geral de Eleição;12049;A
14223;Impugnação - Nomeação de Escrutinadores/Auxiliares Realizada pelo Presidente da Junta;12049;A
14224;Requerimento de justificativa por ausência ou abandono dos trabalhos eleitorais;11428;A
14225;Apuração de indícios de irregularidades informados pela Administração Pública;11684;A
14226;Crimes Previstos na Lei Maria da Penha;3603;A
14227;Crime de Descumprimento de Medida Protetiva  de Urgência;14226;A
14228;Previstos na Lei Maria da Penha;9847;A
14229;Descumprimento de Medida Protetiva de Urgência;14228;A
14236;Exercício Ilegal de Profissão ou Atividade;3692;A
14237;Sistema Financeiro Imobiliário;4839;A
14238;Produção Antecipada de Provas;10925;A
14239;Gratificação de Condição Especial de Trabalho;10338;A
14240;Matrícula - Ausência de Pré-Requisito;12795;A
14241;Restituição ao Erário;10288;A
14654;Condições Degradantes;13754;A
14655;Jornada Exaustiva;13754;A
14656;Restrição de Locomoção;13754;A
14657;Trabalho Forçado;13754;A
14658;Decorrente de Tráfico de Pessoa;13754;A
14659;Tráfico Interno de Pessoa;3400;A
14660;Remoção de Órgão;14659;A
14661;Submissão à Condição Análoga à de Escravo;14659;A
14662;Servidão;14659;A
14663;Adoção Ilegal;14659;A
14664;Exploração Sexual;14659;A
14665;Tráfico Internacional de Pessoa ;3400;A
14666;Exploração Sexual;14665;A
14667;Adoção Ilegal;14665;A
14668;Servidão;14665;A
14669;Submissão à Condição Análoga à de Escravo;14665;A
14670;Remoção de Órgão;14665;A
14672;Apadrinhamento Afetivo;12341;A
14673;Apadrinhamento Material;12341;A
14674;Apadrinhamento Prestador de Serviço;12341;A
14675;Apadrinhamento Cultural;12341;A
14684;Perseguição;3400;A
14685;Associação Criminosa;3520;A
14686;Perseguição (art. 147-A);9659;A
14687;Associação Criminosa (Art. 288);9803;A
14688;Constituição de Milícia Privada (Art. 288-A);9803;A
14689;Constituição de Milícia Privada;3520;A
14690;Condicionamento de Atendimento Médico Hospitalar Emergencial;3388;A
14691;Condicionamento de Atendimento Médico Hospitalar Emergencial (Art. 135-A);9648;A
14692;Estelionato contra Idoso;3415;A
14693;Estelionato contra Idoso (Art. 171, § 4º);9674;A
14694;DPVAT;10431;A
14698;Dano Qualificado contra a Administração Pública;3415;A
14700;Dano Qualificado contra a Administração Pública (Art. 163, parágrafo único, III);9674;A
14703;Registro Não Autorizado da Intimidade Sexual;3463;A
14704;Promoção de Migração Ilegal;3463;A
14705;Ato Obsceno;3463;A
14706;Escrito ou Objeto Obsceno;3463;A
14707;Valores Antecipados na Tutela Posteriormente Revogada/Cassada;10288;A
14708;Ajuda de Custo;10298;A
14709;Auxílio-Moradia;10298;A
14710;Diárias;10298;A
14711;Indenização de Transporte;10298;A
14712;Conversão em Pecúnia;10301;A
14713;Gratificação de Estímulo à Docência no Magistério Superior - GED;10290;A
14714;Gratificação de Estímulo à Fiscalização e à Arrecadação dos Tributos Federais - GEFA;10290;A
14715;Gratificação de Incremento da Fiscalização e da Arrecadação - GIFA;10290;A
14716;Gratificação de Biênio (Adicional Bienal);10290;A
14717;Direito à Incorporação;10295;A
14718;Portaria 474/87;10295;A
14719;Reajuste;10295;A
14720;Função Comissionada Integral - 100%;10718;A
14721;Gratificação de Atividade Executiva - GAE;10718;A
14722;Gratificação pelo Desempenho de Atividades de Apoio - GATA;10718;A
14723;Gratificação pelo Desempenho de Atividades Rodoviárias - GDAR;10718;A
14724;Gratificação de Desempenho de Atividade Técnico-Administrativo Educacional - GDAE;10718;A
14725;Gratificação de Desempenho de Atividade do Seguro Social - GDASS;10718;A
14726;Gratificação de Desempenho e Eficiência - GDE;10718;A
14727;Gratificação Específica de Publicação e Divulgação da  Imprensa Nacional %u2013 GEPDIN;10718;A
14728;Gratificação de Desempenho do Plano Geral de Cargos do Poder Executivo - GDPGPE;10718;A
14729;Gratificação de Desempenho de Atividade Técnico-Administrativa e de Suporte - GDPGTAS;10718;A
14731;Fraudes em Certames de Interesse Público;3523;A
14735;Minha Casa, Minha Vida;4839;A
14740;Protesto de CDA;4949;A
14741;Índice de 14,23%;10307;A
14742;Índice de 13,23%;10307;A
14744;Paridade Salarial;10221;A
14745;Gratificação Especial de Localidade - GEL;10718;A
14746;Gratificação de Atividade de Risco;10718;A
14747;Gratificação por Operações Especiais - GOE;10718;A
14748;Gratificação Específica de Atividade Docente do Ensino Fundamental, Médio e Tecnológico - GEAD;10718;A
14749;Gratificação de Desempenho da Carreira da Previdência, da Saúde e do Trabalho - GDPST;10718;A
14750;Frentista;6100;A
14751;Agente Cancerígeno;6100;A
14752;Agente Agressivo - Biológico;6100;A
14753;Agente Agressivo - Químico;6100;A
14754;Agente Agressivo - Poeira;6100;A
14755;Agente Agressivo - Ruído;6100;A
14756;Agente Agressivo - Eletricidade;6100;A
14757;Crédito Direto ao Consumidor - CDC;7752;A
14758;Crédito Rotativo;7752;A
14759;Tratamento Domiciliar (Home Care);12481;A
14760;Tratamento Domiciliar (Home Care);12482;A
14761;Garimpeiro;6100;A
14762;Cômputo de Período Rural Remoto;12399;A
14763;Vigilante;6100;A
14764;Talidomida;6100;A
14765;Hanseníase;6100;A
14766;Seringueiro;6100;A
14767;Professor;6100;A
14768;Pessoa com Deficiência;6100;A
14769;Por Idade;14768;A
14770;Por Tempo de Contribuição;14768;A
14771;Adicional de 25%;6095;A
14772;Urbana (art. 42/44);6095;A
14773;Rural (art. 42/44);6095;A
14779;Caça Ilegal e Condutas Equiparadas;3619;A
14780;Comércio, Posse ou Tráfico Proveniente de Caça Ilegal;3619;A
14781;Importação Ilegal de Espécies Proibidas ou Controladas;3619;A
14782;Maus Tratos;3619;A
14783;Fauna Aquática Afetada por Traslado ou Descarte de Resíduos/Efluentes, ou Poluição ou Degradação da Água;3619;A
14784;Pesca Ilegal;3619;A
14785;Comércio, Posse ou Tráfico Proveniente de Pesca Ilegal;3619;A
14786;Destruição ou Degradação;3620;A
14787;Destruição ou Degradação por Incêndio ou Perigo de Incêndio;3620;A
14788;Destruição ou Degradação Mediante Desmatamento ou Exploração Econômica;3620;A
14789;Extração ou Exploração Ilegal de Madeira e Condutas Equiparadas;3620;A
14790;Comércio ou Posse Proveniente de Extração Ilegal de Madeira ;3620;A
14791;Mineração Ilegal em Floresta;3620;A
14792;Dano à Propriedade;3620;A
14793;Outros Atos Contra o Meio Ambiente;3620;A
14794;Traslado ou Descarte de Resíduos/Efluentes;3621;A
14795;Mineração Ilegal;3621;A
14796;Posse ou Uso, ou Tráfico de Substância Tóxica ou Perigosa;3621;A
14797;Traslado ou Descarte de Resíduos de Substância Tóxica ou Perigosa;3621;A
14798;Estabelecimentos, Obras ou Serviços Potencialmente Poluidores;3621;A
14799;Outros Atos Contra o Meio Ambiente;3621;A
14800;Ato ou Omissão Praticado por Funcionário Público em Abuso de Função;10986;A
14801;Atos Contrários à Fiscalização e ao Sistema de Aplicação da Lei;10986;A
14802;Falsidade;10986;A
14803;Tráfico de Material Nuclear;3623;A
14804;Outros Atos que Potencialmente Causam Poluição ou Degradação por Radiação;3623;A
14805;Atos Contra a Segurança por Violação de Sigilo;3623;A
14806;Adicional de 25%;6101;A
14808;Rural (art. 59/63);6101;A
14809;Urbano (art. 60);6101;A
14810;Acidente de Trabalho;6104;A
14811;Rural (Pensão por Morte (Art. 74/9));6104;A
14812;Estudante Universitário;14811;A
14813;Menor sob Guarda;14811;A
14814;Óbito de Pai/Mãe;14811;A
14815;Óbito de Cônjuge;14811;A
14816;Óbito de Filho/Filha;14811;A
14817;Filho Maior e Inválido;14811;A
14818;Urbana (Pensão por Morte (Art. 74/9));6104;A
14819;Estudante Universitário;14818;A
14820;Menor sob Guarda;14818;A
14821;Óbito de Pai/Mãe;14818;A
14822;Óbito de Cônjuge;14818;A
14823;Óbito de Companheiro/Companheira;14818;A
14824;Óbito de Companheiro/Companheira;14811;A
14825;Óbito de Filho/Filha;14818;A
14826;Filho Maior e Inválido;14818;A
14827;Rural;6103;A
14828;Urbano;6103;A
14829;Trabalhadora Avulsa;14828;A
14830;Empregada Doméstica;14828;A
14831;Contribuinte Individual ou Segurada Desempregada;14828;A
14832;Descontos Indevidos;6173;A
14833;Restituição ao Erário;6173;A
14834;Valores Antecipados na Tutela Posteriormente Revogada;14833;A
14835;Ação Regressiva;14833;A
14837;Cálculo do Benefício com Base na Regra Definitiva Prevista no Art. 29 da Lei 8.213/1991, Quando Mais Favorável que a Regra de Transição Contida no Art. 3º da Lei 9.876/1999;6120;A
14838;Averbação/Cômputo de Tempo de Serviço com Base em Sentença Trabalhista Homologatória de Acordo;6181;A
14839;Averbação/Cômputo de Auxílio Doença Não Acidentário como Tempo de Serviço;6181;A
14840;Defensoria Pública;10655;A
14841;Defensores Dativos ou Ad Hoc;10655;A
14842;Execução por RPV - Fracionamento;10655;A
14843;Incidência após Transação;10655;A
14844;Redução dos Honorários Contratuais;10655;A
14845;Incidência na Execução Não Embargada;10656;A
14846;Devolução;8928;A
14847;Ausência de Prévio Requerimento Administrativo;8942;A
14849;Homologação;8938;A
14850;Desistência do Recurso;14849;A
14851;Transação;14849;A
14852;Pagamento do Débito;9414;A
14853;Prescrição Intercorrente;9414;A
14854;Valor Irrisório;9414;A
14855;Parte Incontroversa;10673;A
14856;Habilitação de Herdeiros;9484;A
14857;Suspensão da Execução;9148;A
14858;Ausência de Bens Penhoráveis;14857;A
14859;Parcelamento;14857;A
14860;Incidência do Manual de Cálculos da Justiça Federal;10685;A
14861;Inclusão de Expurgos Inflacionários;10685;A
14862;Testemunha;10940;A
14863;Perito;10940;A
14864;Perícia Judicial;8990;A
14865;Indeferida;14864;A
14866;Não Realizada;14864;A
14867;Designada em Outra Localidade;14864;A
14868;Contagem de Prazo;12420;A
14869;Interposição Recursal em Juízo Incompetente;12420;A
14870;Custas Estaduais;9050;A
14871;Custas do Recurso;9050;A
14872;Ausência de Recolhimento;9050;A
14873;Complemento;9050;A
14874;Razões Dissociadas;10666;A
14875;Ação Controlada;10604;A
14876;Captação Ambiental de Sinais Eletromagnéticos, Ópticos e Acústicos;10604;A
14877;Colaboração Premiada;10604;A
14878;Cooperação entre Instituições e Órgãos Públicos na Busca de Provas/Informações;10604;A
14879;Infiltração de Agentes;10604;A
14880;Questões Incidentes;1209;A
14881;Destinação de Bens e Mercadorias/Coisas Apreendidas;14880;A
14882;Destinação de Recursos Decorrentes da Pena de Prestação Pecuniária;14880;A
14884;Fundo de Saúde do Exército - FUSEX;6082;A
14885;Fundo de Saúde da Aeronáutica - FUNSA;6082;A
14886;Fundo de Saúde da Marinha - FUSMA;6082;A
14887;Adicional de Plantão Hospitalar;6048;A
14888;Indenização a Anistiados Políticos, Civis ou Militares;6048;A
14889;Sobre a Receita Bruta (Substitutiva);6048;A
14890;Cooperativa;6035;A
14891;Concessionárias de Veículos;6035;A
14892;Equiparação com Instituições Financeiras;6035;A
14893;Locação de Bem Móvel e Imóvel;6035;A
14894;Regime Monofásico;6035;A
14895;Cooperativa;6039;A
14896;Concessionárias de Veículos;6039;A
14897;Locação de Bem Móvel e Imóvel;6039;A
14898;Regime Monofásico;6039;A
14899;Cofins;6013;A
14900;PIS;6013;A
14909;Prisão Ilegal;9992;A
14910;Acidente Ferroviário;14148;A
14911;Acidente Ferroviário;14162;A
14912;Cessão de Créditos;10672;A
14913;Cadastro de Indadimplentes - CADIN;10394;A
14914;Contrato Administrativo;10395;A
14915;Despejo por Inadimplemento;9593;A
14916;Fornecimento;9580;A
14917;Cessão de Direitos;9580;A
14918;Confissão/Composição de Dívida;9580;A
14919;Atraso na Entrega do Imóvel;10439;A
14920;Atraso na Entrega do Imóvel;10433;A
14921;Direito Autoral;10439;A
14922;Direito Autoral;10433;A
14923;Partilha;7664;A
14924;Partilha;7656;A
14925;Repetição do Indébito;6220;A
14926;Revisão de Juros Remuneratórios, Capitalização/Anatocismo;7752;A
14927;Retificação;7895;A
14929;Comutação de Pena;7791;A
14930;Falta Grave;7791;A
14931;Contagem de Prazo para os Benefícios;7791;A
14932;Monitoração Eletrônica;7791;A
14933;Saídas Temporárias;7791;A
14934;Unificação de Pena;7791;A
14935;Monitoração Eletrônica - Medida Cautelar;1209;A
14936;Inelegibilidade - Perda de Mandato;11595;A
14938;Inelegibilidade - Suspensão dos Direitos Políticos por Ato Doloso de Improbidade Administrativa;11595;A
14939;Inelegibilidade - Responsável por Doação Tida com Ilegal;11595;A
14940;Intempestividade;11615;A
14941;Percentual de Gênero;11615;A
14942;Violência Psicológica contra a Mulher;3400;A
14943;Lesão Cometida em Razão da Condição de Mulher;3385;A
14944;Análogo à Violência Psicológica contra a Mulher;9659;A
14945;Análogo à Lesão Corporal em Razão da Condição de Mulher;9641;A
14946;PIS - Cofins;6013;A
14947;Cofins;10959;A
14948;PIS;10959;A
14949;PIS - Cofins;10959;A
14950;Pagamento;5990;A
14951;Honorários Advocatícios;6017;A
14952;Encargo de 20%;14951;A
14953;Adesão a Programa de Parcelamento de Débito;14951;A
14954;Inspeção em Estabelecimento Penal;10015;A
14955;Inspeção na Área de Execução Penal e Corregedoria dos Presídios;10015;A
14956;Interdição de Estabelecimento Penal;10015;A
14957;Restituição de Coisas Apreendidas;14881;A
14958;Destruição ou Destinação das Coisas Apreendidas;14881;A
14959;Avaliação e Venda em Leilão Público;14881;A
14960;Encaminhamento ao Comando do Exército;14881;A
14962;Isenção sobre Bens Contidos em Remessas Postais Internacionais ;5941;A
14963;Sobre Aquisição de Bens/Veículos ;5945;A
14964;Veículos;14963;A
14965;Motorista de Táxi;14964;A
14966;Pessoa Portadora de Deficiência;14964;A
14967;Sobre Importação de Bens/Veículos;5945;A
14986;Admissão Temporária;14967;A
14987;Veículos - Uso Próprio;14967;A
14988;Incidência sobre Ajuda de Custo;5917;A
14989;Atividade Parlamentar;14988;A
14992;Incidência sobre Benefícios Pagos Acumuladamente;5917;A
14993;Incidência sobre Serviços Técnicos Prestados a Organismos Internacionais (PNUD/UNESCO/ONU);5917;A
14994;Incidência sobre Indenização a Anistiados Políticos, Civis ou Militares;5917;A
14995;Incidência sobre Indenização por Rescisão de Contrato de Trabalho;5917;A
14996;Redução de Alíquota IR/CSLL - Serviços Hospitalares;5933;A
15001;Áreas de Livre Comércio - ZFM e/ou Outras;5915;A
15002;Operações Comerciais;15001;A
15003;Saída Temporária - Mercadorias;15001;A
15004;Saída Temporária - Veículos;15001;A
15005;Multa por Descumprimento de Obrigação Acessória;5985;A
15006;Infração à Legislação Previdenciária;15005;A
15007;Infração à Legislação Trabalhista;15005;A
15008;Mudanças Climáticas;10110;A
15012;Indivisibilidade da Chapa;11615;A
15014;Ausência ou Irregularidade no CNPJ;11747;A
15016;Propaganda Política - Propaganda Eleitoral - Carreata/Caminhada/Passeata;11652;A
15017;Alteração da Estrutura Orgânica de Tribunal;11572;A
15018;Candidatura Avulsa;11615;A
15019;Autuação e Processamento;11557;A
15020;Denunciação Caluniosa para Fins Eleitorais;11467;A
15031;Jornada Especial;10287;A
15033;Objetos de Cartas Precatórias Criminais;1209;A
15034;Citação;15033;A
15035;Intimação;15033;A
15036;Diligências;15033;A
15037;Alvará de Soltura;15033;A
15038;Prisão Preventiva;15033;A
15039;Prisão Temporária;15033;A
15040;Busca e Apreensão;15033;A
15041;Oitiva;15033;A
15042;Interrogatório;15033;A
15043;Prisão Domiciliar;15033;A
15044;Comunicação de Prisão - BNMP;15033;A
15046;Investigação de Paternidade Pós Morte;5626;A
15047;Reconhecimento/Dissolução Sócio Afetivo Pós Morte;5626;A
15048;Superendividamento;1156;A
15051;Reintegra;6089;A
15052;Taxa de Fiscalização de Instalação;5957;A
15053;Taxa de Fiscalização de Funcionamento;5957;A
15054;Taxa de Fiscalização de Vigilância Sanitária;5957;A
15055;Taxa de Serviço Administrativo - TSA;5957;A
15056;Acordo de Não Persecução Penal;1209;A
15066;Aplicação INPC/IPCA - Atualização FGTS;9985;A
15068;Retificação de Outros Dados;7725;A
15069;Requisição de Registro de Nascimento;7725;A
15070;Duplicidade de Assentos de Nascimento;7725;A
15071;Restauração de Registro de Nascimento;7725;A
15072;Violência Institucional;3603;A
15073;Violência Institucional;9847;A
15074;Restauração de Registro Público;7724;A
15075;Anulação do Registro de Casamento;7725;A
15076;Cancelamento de Cláusulas de Inalienabilidade;7895;A
15077;Cancelamento de Bem de Família;7895;A
15087;Inventário Negativo;7673;A
15088;Indignidade;7673;A
15089;Partido Político - Órgão de Direção Zonal;11764;A
15091;Mesário Não Convocado Pessoalmente;11583;A
15104;Corte Interamericana de Direitos Humanos;6191;A
15105;Sentenças da Corte Interamericana de Direitos Humanos;15104;A
15106;Medidas Provisórias da Corte Interamericana de Direitos Humanos;15104;A
15107;Caso Ximenes Lopes vs. Brasil;15105;A
15108;Caso Nogueira de Carvalho e Outro vs. Brasil;15105;A
15109;Caso Escher e Outros vs. Brasil;15105;A
15110;Caso Garibaldi vs. Brasil;15105;A
15111;"Caso Gomes Lund e Outros (""Guerrilha do Araguaia) vs. Brasil";15105;A
15112;Caso Trabalhadores da Fazenda Brasil Verde vs. Brasil;15105;A
15113;Caso Favela Nova Brasília vs. Brasil;15105;A
15114;Caso Povo Indígena Xucuru e seus Membros vs. Brasil;15105;A
15115;Caso Herzog e Outros vs. Brasil;15105;A
15116;Caso dos(as) Empregados(as) da Fábrica de Fogos de Santo Antônio de Jesus e seus Familiares vs. Brasil;15105;A
15117;Caso Márcia Barbosa de Souza e Outros vs. Brasil;15105;A
15118;Caso Neusa dos Santos Nascimento e Outra vs. Brasil;15105;A
15119;Caso Airton Honorato vs. Brasil;15105;A
15120;Caso Tavares Pereira e Outros vs. Brasil;15105;A
15121;Caso Sales Pimenta vs. Brasil;15105;A
15122;Caso do Complexo Penitenciário de Pedrinhas, Maranhão;15106;A
15123;Caso do Complexo Penitenciário do Curado, Pernambuco;15106;A
15124;Caso do Instituto Penal Plácido de Sá Carvalho, Rio de Janeiro;15106;A
15125;Caso da Unidade de Internação Socioeducativa, Espírito Santo;15106;A
15126;Religião;12543;A
15127;Crimes de Preconceito;3603;A
15128;Intolerância e/ou Injúria Racial, de Cor e/ou Etnia;15127;A
15129;Intolerância Religiosa;15127;A
15130;Intolerância e/ou Injúria por Procedência Nacional;15127;A
15131;Intolerância e/ou Injúria por Orientação Sexual;15127;A
15132;Intolerância e/ou Injúria por Identidade ou Expressão de Gênero;15127;A
15133;Religião;12547;A
15134;Análogos a Crimes de Preconceito;9847;A
15135;Intolerância e/ou Injúria Racial, de Cor e/ou Etnia;15134;A
15136;Intolerância Religiosa;15134;A
15137;Intolerância e/ou Injúria por Procedência Nacional;15134;A
15138;Intolerância e/ou Injúria por Orientação Sexual;15134;A
15139;Intolerância e/ou Injúria  por Identidade ou Expressão de Gênero;15134;A
15141;Propaganda Política Irregular;11772;A
15142;Propaganda Política Irregular - Violência contra a Mulher;11772;A
15143;Violência contra a Mulher Candidata ou no Exercício do Mandato Eletivo;11482;A
15144;Percentual de Candidaturas de Pessoas Negras;11684;A
15145;Percentual de Candidaturas Femininas;11684;A
15146;Dissidência Partidária ou Federativa;11615;A
15147;Crimes contra o Estado Democrático de Direito;287;A
15148;Atentado à Soberania;15147;A
15149;Atentado à Integridade Nacional;15147;A
15150;Espionagem;15147;A
15151;Abolição Violenta do Estado Democrático de Direito;15147;A
15152;Golpe de Estado;15147;A
15153;Interrupção do Processo Eleitoral;15147;A
15154;Violência Política;15147;A
15155;Sabotagem;15147;A
15156;Candidatura Coletiva;11615;A
15169;Motivação Político Partidária (Provimento CNJ 135/2022);287;A
15173;Violência Doméstica e Familiar contra Criança e Adolescente;5626;A
15174;Violência Doméstica e Familiar contra Criança e Adolescente;287;A
15175;Violência Doméstica e Familiar contra Criança e Adolescente;9634;A
15176;Violência Doméstica e Familiar contra Criança e Adolescente;9964;A
15177;Homicídio Qualificado Contra Menor de 14 Anos (Lei Henry Borel);3369;A
15178;Homicídio Qualificado Contra Menor de 14 Anos (Lei Henry Borel);9635;A
15179;Crimes Previstos na Lei Henry Borel;3603;A
15180;Descumprimento de Medida Protetiva (Lei Henry Borel);15179;A
15181;Previstos na Lei Henry Borel;9847;A
15182;Descumprimento de Medida Protetiva (Lei Henry Borel);15181;A
15184;Direito de Acesso à Informação;9986;A
15189;Morte Presumida;5754;A
15197;Inspeção em Acolhimento Institucional;9633;A
15198;Inspeção em Família Acolhedora;9633;A
15199;Inspeção em Instituição de Execução de Medida Socioeducativa;9633;A
15218;Autorização para Interrupção de Gravidez (Aborto);12480;A
15219;Prestação de Contas;899;A
15220;Registro Civil de Indígena (Povos Originários);7725;A
15221;Auxílio Brasil (Lei 14.284/2021);12734;A
15222;Revisão da Vida Toda (Tema 1102 de Repercussão Geral);6119;A
15236;Assédio Eleitoral;11583;A
15300;Pagamento por Serviços Ambientais;10110;A
15301;Dano Moral Coletivo Decorrente de Dano Ambiental;10110;A
15302;Cadastro Ambiental Rural;10110;A
15304;Recurso de Origem Não Identificada;11684;A
15305;Fonte Vedada;11684;A
15306;Nome Social;5754;A
15307;Representação em Propaganda Partidária;12064;A
15308;Alistamento Eleitoral - Registro no BPSPD - Duplicidade/Pluralidade;11574;A
15310;Maus Tratos (art. 136);9648;A
15365;Enchentes no Rio Grande do Sul em 2024;12467;A
15367;SPVAT;10431;A
15368;Auxílio Reconstrução (MP 1219/2024);12734;A
15369;Atos Administrativos em Execução Penal;9985;A
15370;Prestação de Contas;15369;A
15371;Obtenção e Aplicação de Recursos de Assistência ao Preso pelo Conselho da Comunidade;15369;A
15372;Apresentação de Relatórios Mensais pelo Conselho da Comunidade;15369;A
15373;Crimes em Licitações e Contratos Administrativos;287;A
15374;Contratação Direta Ilegal;15373;A
15375;Frustração do Caráter Competitivo de Licitação;15373;A
15376;Patrocínio de Contratação Indevida;15373;A
15377;Modificação ou Pagamento Irregular em Contrato Administrativo;15373;A
15378;Perturbação de Processo Licitatório;15373;A
15379;Violação de Sigilo em Licitação;15373;A
15380;Afastamento de Licitante;15373;A
15381;Fraude em Licitação ou Contrato;15373;A
15382;Contratação Inidônea;15373;A
15383;Impedimento Indevido;15373;A
15384;Omissão Grave de Dado ou de Informação por Projetista;15373;A
15385;Em Licitações e Contratos Administrativos;9634;A
15386;Contração Direta Ilegal (art. 337-E);15385;A
15387;Frustração do Caráter Competitivo de Licitação (art. 337-F);15385;A
15388;Patrocínio de Contratação Indevida (art. 337-G);15385;A
15389;Modificação ou Pagamento Irregular em Contrato Administrativo (art. 337-H);15385;A
15390;Perturbação de Processo Licitatório (art. 337-I);15385;A
15391;Violação de Sigilo em Licitação (art. 337-J);15385;A
15392;Afastamento de Licitante (art. 337-K);15385;A
15393;Fraude em Licitação ou Contrato (art. 337-L);15385;A
15394;Contratação Inidônea (art. 337-M);15385;A
15395;Impedimento Indevido (art. 337-N);15385;A
15396;Omissão Grave de Dado ou de Informação por Projetista (art. 337-O);15385;A
15397;Crimes de Abuso de Autoridade (Lei 13.869/2019);3603;A
15398;De Abuso de Autoridade (Lei 13.689/2019);9847;A
15399;Violência Política de Gênero;11497;A
15400;Violência Política de Gênero (art. 326-B do Código Eleitoral);9847;A
15401;Omissão de Comunicação de Prática Violenta (Lei Henry Borel);15179;A
15402;Omissão de Comunicação de Prática Violenta (art. 26 da Lei Henry Borel);15181;A
15403;Violação de Sigilo Processual (Lei nº 13.431/2017);3603;A
15404;Violação do Sigilo Processual (art. 24 da Lei n° 13.431/2017);9847;A
15405;Desinformação sobre a Integridade do Processo Eleitoral;11652;A
15406;Crimes Previstos na Lei Geral do Esporte;3603;A
15407;Previstos na Lei Geral do Esporte;9847;A
15410;Fraudes em Operações com Ativos Virtuais, Valores Mobiliários ou Ativos Financeiros;3415;A
15411;Fraudes em Operações com Ativos Virtuais, Valores Mobiliários ou Ativos Financeiros (art. 171-A);9674;A
15428;Lesão Corporal Culposa;11228;A
15429;Propaganda Política - Propaganda Eleitoral - Uso de Inteligência Artificial;11652;A
15434;Ausência de Registro de Atividades ou de Fornecimento de Declaração de Nascimento;3637;A
15435;Ausência de Identificação Correta de Neonato e Parturiente e de Realização de Exames;3637;A
15436;Privação de Liberdade de Criança ou Adolescente;3637;A
15437;Ausência de Comunicação Imediata de Apreensão à Autoridade Competente e/ou à Família;3637;A
15438;Vexame ou Constrangimento de Criança ou Adolescente;3637;A
15439;Ausência de Liberação Imediata de Adolescente Ilegalmente Apreendido;3637;A
15440;Descumprimento de Prazo em Benefício de Adolescente Privado de Liberdade;3637;A
15441;Impedimento ou Embaraçamento de Ação de Autoridade Judiciária, Conselho Tutelar ou MP (ECA);3637;A
15442;Subtração de Criança ou Adolescente com o Fim de Colocação em Lar Substituto;3637;A
15443;Promessa ou Efetiva Entrega de Filho ou Pupilo Mediante Paga ou Recompensa;3637;A
15444;Promoção ou Auxílio em Ato Destinado ao Envio de Criança ou Adolescente ao Exterior;3637;A
15445;Produção, Reprodução ou Registro de Pornografia de Criança ou Adolescente;3637;A
15446;Venda ou Exposição à Venda de Material Contendo Pornografia com Criança ou Adolescente ;3637;A
15447;Divulgação de Material Pornográfico de Criança ou Adolescente;3637;A
15448;Aquisição, Posse ou Armazenamento de Pornografia de Criança ou Adolescente;3637;A
15449;Simulação da Participação de Criança ou Adolescente em Material Pornográfico;3637;A
15450;Aliciamento, Assédio, Instigação ou Constrangimento de Criança para a Prática de Ato Libidinoso;3637;A
15451;Venda, Fornecimento ou Entrega de Arma, Munição ou Explosivo a Criança ou Adolescente;3637;A
15452;Venda ou Entrega de Bebida Alcóolica ou Outra Droga a Criança ou Adolescente;3637;A
15453;Venda, Fornecimento ou Entrega de Fogos de Artifício ou de Estampido a Criança ou Adolescente;3637;A
15454;Prostituição ou Exploração Sexual de Criança ou Adolescente;3637;A
15455;Corrupção ou Facilitação de Corrupção de Menor de Dezoito Anos;3637;A
15456;Omissão de Comunicação à Autoridade Pública de Desaparecimento de Criança ou Adolescente;3637;A
15457;Ausência de Registro de Atividades ou de Fornecimento de Declaração de Nascimento (art. 228 do ECA);9895;A
15458;Ausência de Identificação Correta de Neonato e Parturiente e de Realização de Exames (art. 229 do ECA);9895;A
15459;Privação de Liberdade de Criança ou Adolescente (art. 230 do ECA);9895;A
15460;Ausência de Comunicação Imediata de Apreensão à Autoridade Competente e/ou à Família (art. 231 do ECA);9895;A
15461;Vexame ou Constrangimento de Criança ou Adolescente (art. 232 do ECA);9895;A
15462;Ausência de Liberação Imediata de Adolescente Ilegalmente Apreendido (art. 234 do ECA);9895;A
15463;Descumprimento de Prazo em Benefício de Adolescente Privado de Liberdade (art. 235 do ECA);9895;A
15464;Impedimento ou Embaraçamento de Ação de Autoridade Judiciária, Conselho Tutelar ou MP (art. 236 do ECA);9895;A
15465;Subtração de Criança ou Adolescente com o Fim de Colocação em Lar Substituto (art. 237 do ECA);9895;A
15466;Promessa ou Efetiva Entrega de Filho ou Pupilo Mediante Paga ou Recompensa (art. 238 do ECA);9895;A
15467;Promoção ou Auxílio em Ato Destinado ao Envio de Criança ou Adolescente ao Exterior (art. 239 do ECA) ;9895;A
15468;Produção, Reprodução ou Registro de Pornografia de Criança ou Adolescente (art. 240 do ECA);9895;A
15469;Venda ou Exposição à Venda de Material Contendo Pornografia com Criança ou Adolescente (art. 241 do ECA);9895;A
15470;Divulgação de Material Pornográfico de Criança ou Adolescente (art. 241-A do ECA);9895;A
15471;Aquisição, Posse ou Armazenamento de Pornografia de Criança ou Adolescente (art. 241-B do ECA);9895;A
15472;Simulação da Participação de Criança ou Adolescente em Material Pornográfico (art. 241-C do ECA);9895;A
15473;Aliciamento, Assédio, Instigação ou Constrangimento de Criança para Prática de Ato Libidinoso (art. 241-D do ECA);9895;A
15474;Venda, Fornecimento ou Entrega de Arma, Munição ou Explosivo a Criança ou Adolescente (art. 242 do ECA);9895;A
15475;Venda ou Entrega de Bebida Alcóolica ou Outra Droga a Criança ou Adolescente (art. 243 do ECA);9895;A
15476;Venda, Fornecimento ou Entrega de Fogos de Artifício ou de Estampido  a Criança ou Adolescente (art. 244 do ECA);9895;A
15477;Prostituição ou Exploração Sexual de Criança ou Adolescente (art. 244-A do ECA);9895;A
15478;Corrupção ou Facilitação de Corrupção de Menor de Dezoito Anos (art. 244-B do ECA);9895;A
15479;Omissão de Comunicação à Autoridade Pública de Desaparecimento de Criança ou Adolescente (art. 244-C do ECA);9895;A
15480;Isenção por Doença ou Acidente em Serviço;5917;A
15481;Estudo Social;11781;A
15482;Intimidação Sistemática (Bullying);3400;A
15483;Intimidação Sistemática Virtual (Cyberbullying);3400;A
15484;Intimidação Sistemática (Bullying -  art.146-A, caput);9659;A
15485;Intimidação Sistemática Virtual (Cyberbullying, art. 146-A, parágrafo único);9659;A
15511;Medidas Protetivas de Urgência (Lei Maria da Penha) - Cível;9192;A
15514;Doença Rara;12480;A
15515;Pensão Especial (Lei 14.717/2023);12734;A
15516;Bolsa Família (Lei 14.601/2023);12734;A
15524;Propaganda Política - Propaganda Eleitoral - Deep Fake;11652;A
15525;Terrorismo (Lei 13.260/2016);9634;A
15526;Atos de Terrorismo (art. 2º da Lei 13.260/2016);15525;A
15527;Manutenção ou Financiamento do Terrorismo (art. 6º da Lei 13.260/2016);15525;A
15528;Organização Terrorista (art. 3º da Lei 13.260/2016);15525;A
15529;Preparação de Ato Terrorista (art. 5º da Lei 13.260/2016);15525;A
14;DIREITO TRIBUTÁRIO;0;A
195;DIREITO PREVIDENCIÁRIO;0;A
287;DIREITO PENAL;0;A
864;DIREITO DO TRABALHO;0;A
899;DIREITO CIVIL;0;A
1146;DIREITO MARÍTIMO;0;A
1156;DIREITO DO CONSUMIDOR;0;A
1209;DIREITO PROCESSUAL PENAL;0;A
1695;Direito Coletivo do Trabalho;864;A
2055;Gratificação;2581;A
3369;Crimes contra a vida;287;A
3370;Homicídio Simples;3369;A
3371;Homicídio Privilegiado;3369;A
3372;Homicídio Qualificado;3369;A
3373;Induzimento, Instigação ou Auxílio a Suicídio;3369;A
3375;Infanticídio;3369;A
3385;Lesão Corporal;287;A
3386;Leve;3385;A
3387;Seguida de Morte;3385;A
3388;Periclitação da Vida e da Saúde;287;A
3389;Perigo de contágio de moléstia grave;3388;A
3390;Perigo para a vida ou saúde de outrem;3388;A
3391;Abandono de incapaz;3388;A
3392;Omissão de socorro;3388;A
3393;Rixa;287;A
3394;Crimes contra a Honra;287;A
3395;Calúnia;3394;A
3396;Difamação;3394;A
3397;Injúria;3394;A
3400;Crimes contra a liberdade pessoal;287;A
3401;Constrangimento ilegal ;3400;A
3402;Ameaça ;3400;A
3403;Seqüestro e cárcere privado ;3400;A
3404;Redução a condição análoga à de escravo ;3400;A
3405;Crimes contra a inviolabilidade de domicílio;287;A
3406;Violação de domicílio ;3405;A
3407;Crimes contra a inviolabilidade de correspondência;287;A
3408;Violação de correspondência ;3407;A
3409;Sonegação ou destruição de correspondência ;3407;A
3410;Violação de comunicação telegráfica, radioelétrica ou telefônica ;3407;A
3411;Violação de Correspondência comercial ;3407;A
3412;Crimes contra a inviolabilidade de segredo;287;A
3413;Divulgação de segredo ;3412;A
3414;Violação do segredo profissional ;3412;A
3415;Crimes contra o Patrimônio;287;A
3416;Furto ;3415;A
3417;Furto Qualificado ;3415;A
3418;Furto de coisa comum ;3415;A
3419;Roubo ;3415;A
3420;Extorsão ;3415;A
3421;Extorsão mediante seqüestro ;3415;A
3422;Extorsão indireta;3415;A
3423;Alteração de limites ;3415;A
3424;Usurpação de águas ;3415;A
3425;Esbulho possessório;3415;A
3426;Dano;3415;A
3427;Introdução ou abandono de animais em propriedade alheia;3415;A
3428;Dano em coisa de valor artístico, arqueológico ou histórico;3415;A
3429;Alteração de local especialmente protegido;3415;A
3430;Apropriação indébita Previdenciária ;3415;A
3431;Estelionato;3415;A
3432;Estelionato Majorado ;3415;A
3433;Outras fraudes;3415;A
3434;Fraude à execução ;3415;A
3435;Receptação;3415;A
3436;Apropriação indébita;3415;A
3437;Apropriação de Coisa Havida por Erro, Caso Fortuito ou Força da Natureza;3415;A
3438;Crimes contra a Propriedade Industrial;3603;A
3442;Crimes contra a Propriedade Intelectual;287;A
3443;Violação de direito autoral;3442;A
3445;Crimes contra a Organização do Trabalho;287;A
3446;Atentado contra a liberdade de trabalho;3445;A
3447;Atentado contra a liberdade de contrato de trabalho e boicotagem violenta;3445;A
3448;Atentado contra a liberdade de associação;3445;A
3449;Paralisação de trabalho, seguida de violência ou perturbação da ordem;3445;A
3450;Paralisação de trabalho de interesse coletivo;3445;A
3451;Invasão de estabelecimento industrial, comercial ou agrícola. Sabotagem;3445;A
3452;Frustração de direitos assegurados por lei trabalhista;3445;A
3453;Exercício de atividade com infração de decisão administrativa ;3445;A
3454;Aliciamento para fins de emigração;3445;A
3455;Aliciamento de trabalhadores de um local para outro do território nacional;3445;A
3456;Frustração de lei sobre a nacionalização do trabalho ;3445;A
3457;Crimes contra o sentimento religioso e contra o respeito aos mortos;287;A
3458;Destruição / Subração / Ocultação de Cadáver;3457;A
3459;Impedimento ou Perturbação de Cerimônia Funerária;3457;A
3460;Vilipêndio a Cadáver;3457;A
3461;Violação a Sepultura ;3457;A
3462;Ultraje / Impedimento ou Perturbação de Culto Religioso;3457;A
3463;Crimes contra a Dignidade Sexual;287;A
3465;Estupro ;3463;A
3466;Atentado Violento ao Pudor ;3463;A
3467;Atentado ao Pudor Mediante Fraude;3463;A
3468;Corrupção de Menores;3463;A
3471;Mediação para Servir a Lascívia de Outrem ;3463;A
3472;Crimes contra a Família;287;A
3473;Crimes Contra a Assistência Familiar;3472;A
3474;Abandono Material;3473;A
3475;Abandono Intelectual;3473;A
3476;Entrega de Filho Menor a Pessoa Inidônea;3473;A
3477;Crimes contra o Casamento;3472;A
3479;Bigamia;3477;A
3480;Conhecimento Prévio de Impedimento ;3477;A
3481;Induzimento a erro essencial e ocultação de impedimento;3477;A
3482;Simulação de Casamento;3477;A
3483;Simulação de Autoridade para Celebração de Casamento;3477;A
3484;Crimes Contra o Estado de Filiação;3472;A
3485;Parto Suposto ;3484;A
3486;Registro de Nascimento Inexistente;3484;A
3487;Sonegação do Estado de Filiação;3484;A
3488;Crime contra o Pátrio-Poder e Tutela;3472;A
3489;Induzimento a Fuga, Entrega Arbitrária ou Sonegação de Incapazes;3488;A
3490;Subtração de Incapazes ;3488;A
3491;Crimes contra a Incolumidade Pública;287;A
3492;Incêndio;3491;A
3493;Explosão ;3491;A
3494;Uso de gás tóxico ou asfixiante ;3491;A
3495;Inundação / Perigo de Inundação;3491;A
3496;Desabamento ou desmoronamento;3491;A
3497;Subtração, ocultação ou inutilização de material de salvamento;3491;A
3498;Difusão de doença ou praga;3491;A
3500;Desastre ferroviário / Perigo de Desastre Ferroviário;3491;A
3501;Atentado contra a segurança de transporte público;3491;A
3502;Arremesso de projétil;3491;A
3503;Atentado contra a segurança de serviços de utilidade pública ;3491;A
3504;Interrupção /perturbação de serviços telegráficos/telefônicos;3491;A
3505;Epidemia ;3491;A
3506;Emprego de Processo Proibido/Substância não permitida;3491;A
3507;Invólucro ou recipiente com falsa indicação ;3491;A
3508;Falsificação / Corrupção / Adulteração / Alteração de produto destinado a fins terapêuticos ou medicinais;3491;A
3509;Exercício Ilegal da Medicina, Arte Dentária ou Farmacêutica;3491;A
3510;Charlatanismo ;3491;A
3511;Corrupção ou Poluição de Água Potável;3491;A
3512;Curandeirismo ;3491;A
3513;Envenenamento de Água Potável / Substância Alimentícia ou Medicinal;3491;A
3514;Falsificação / Corrupção / Adulteração / Alteração de Substância ou Produtos Alimentícios;3491;A
3515;Infração de Medida Sanitária Preventiva;3491;A
3516;Omissão de Notificação de Doença;3491;A
3517;Outras Substâncias Nocivas a Saúde Pública ;3491;A
3519;Substância Destinada à Falsificação;3491;A
3520;Crimes contra a Paz Pública;287;A
3521;Quadrilha ou Bando;3520;A
3523;Crimes contra a Fé Pública;287;A
3524;Moeda Falsa / Assimilados;3523;A
3527;Petrechos para falsificação de moeda ;3523;A
3528;Emissão de título ao portador sem permissão legal ;3523;A
3529;Falsificação de papéis públicos ;3523;A
3530;Falsificação do selo ou sinal público ;3523;A
3531;Falsificação de documento público;3523;A
3532;Falsificação de documento particular ;3523;A
3533;Falsidade ideológica ;3523;A
3534;Falso reconhecimento de firma ou letra;3523;A
3535;Certidão ou atestado ideologicamente falso ;3523;A
3536;Falsidade material de atestado ou certidão ;3523;A
3537;Falsidade de atestado médico ;3523;A
3538;Reprodução ou adulteração de selo ou peça filatélica ;3523;A
3539;Uso de documento falso ;3523;A
3540;Supressão de documento ;3523;A
3541;Falsificação do sinal empregado no contraste de metal precioso ou na fiscalização alfandegária, ou para outros fins ;3523;A
3542;Falsa identidade ;3523;A
3543;Fraude de lei sobre estrangeiros;3523;A
3545;Petrechos de Falsificação de Papéis Públicos;3523;A
3546;Adulteração de Sinal Identificador de Veículo Automotor;3523;A
3547;Crimes Praticados por Funcionários Públicos Contra a Administração em Geral;287;A
3548;Peculato;3547;A
3550;Peculato mediante erro de outrem;3547;A
3551;Extravio, sonegação ou inutilização de livro ou documento ;3547;A
3552;Emprego irregular de verbas ou rendas públicas ;3547;A
3553;Concussão ;3547;A
3554;Excesso de exação ;3547;A
3555;Corrupção passiva ;3547;A
3556;Facilitação de contrabando ou descaminho ;3547;A
3557;Prevaricação;3547;A
3558;Condescendência criminosa;3547;A
3559;Advocacia administrativa ;3547;A
3560;Violência arbitrária ;3547;A
3561;Abandono de função ;3547;A
3562;Exercício funcional ilegalmente antecipado ou prolongado ;3547;A
3563;Violação do sigilo funcional ;3547;A
3564;Violação do sigilo de proposta de concorrência ;3547;A
3565;Usurpação de função pública ;5872;A
3566;Resistência ;5872;A
3567;Tráfico de influência ;5872;A
3568;Corrupção ativa ;5872;A
3569;Impedimento, perturbação ou fraude de concorrência;5872;A
3570;Inutilização de edital ou de sinal ;5872;A
3571;Subtração ou inutilização de livro ou documento ;5872;A
3572;Desobediência ;5872;A
3573;Desacato ;5872;A
3574;Contrabando ou descaminho ;5872;A
3575;Reingresso de estrangeiro expulso ;5874;A
3576;Denunciação caluniosa ;5874;A
3577;Comunicação falsa de crime ou de contravenção ;5874;A
3578;Auto-acusação falsa;5874;A
3579;Falso testemunho ou falsa perícia ;5874;A
3580;Coação no curso do processo ;5874;A
3581;Exercício arbitrário das próprias razões ;5874;A
3582;Fraude processual;5874;A
3583;Favorecimento pessoal ;5874;A
3584;Favorecimento real ;5874;A
3585;Exercício arbitrário ou abuso de poder ;5874;A
3586;Fuga de pessoa presa ou submetida a medida de segurança ;5874;A
3587;Evasão mediante violência contra a pessoa ;5874;A
3588;Arrebatamento de preso ;5874;A
3589;Motim de presos ;5874;A
3590;Patrocínio infiel ;5874;A
3591;Patrocínio simultâneo ou tergiversação ;5874;A
3592;Sonegação de papel ou objeto de valor probatório ;5874;A
3593;Exploração de prestígio ;5874;A
3594;Violência ou fraude em arrematação judicial;5874;A
3595;Desobediência a decisão judicial sobre perda ou suspensão de direitos ;5874;A
3596;Inserção de dados falsos em sistema de informações ;3547;A
3597;Modificação ou alteração não autorizada de sistema de informações ;3547;A
3598;Sonegação de contribuição previdenciária ;5872;A
3603;Crimes Previstos na Legislação Extravagante;287;A
3604;Crimes de Responsabilidade;3603;A
3605;Crimes contra a Economia Popular;3603;A
3606;Crimes de Abuso de Autoridade (Lei 4.898/1965);3603;A
3607;Crimes de Tráfico Ilícito e Uso Indevido de Drogas;3603;A
3608;Tráfico de Drogas e Condutas Afins;3607;A
3609;Responsabilidade Criminal por Danos Nucleares;3603;A
3610;Crimes contra o Serviço Postal e o Serviço de Telegrama;3603;A
3612;Crimes contra o Sistema Financeiro Nacional;3603;A
3614;Crimes contra a Ordem Tributária;3603;A
3615;Crimes contra a Ordem Econômica;3603;A
3616;Crimes contra as Relações de Consumo;3603;A
3617;Representação caluniosa;3603;A
3618;Crimes contra o Meio Ambiente e o Patrimônio Genético;3603;A
3619;Crimes contra a Fauna;3618;A
3620;Crimes contra a Flora;3618;A
3621;Poluição;3618;A
3622;Agrotóxicos ;3618;A
3623;Atividades Nucleares ;3618;A
3626;Liberação ou Descarte de OGM (Organismo Geneticamente Modificado) - Biossegurança;3618;A
3628;"Crimes de &quot;Lavagem&quot; ou Ocultação de Bens, Direitos ou Valores";3603;A
3629;Crimes contra as Telecomunicações;3603;A
3630;Crimes Previstos na Lei de Estrangeiros;3603;A
3631;Crimes de Tortura;3603;A
3632;Crimes de Trânsito;3603;A
3633;Crimes do Sistema Nacional de Armas;3603;A
3634;Crimes de Imprensa;3603;A
3637;Crimes Previstos no Estatuto da criança e do adolescente;3603;A
3638;Crimes contra o mercado de capitais;3603;A
3640;Crimes de genocídio;3603;A
3641;Sigilo Telefônico;3603;A
3642;Crimes da Lei de licitações;3603;A
3643;Crimes da Lei de remoção de órgãos e tecidos;3603;A
3647;Crimes praticados contra os índios e a cultura indígena;3603;A
3650;Recusa, retardamento ou omissão de dados técnicos indispensáveis à propositura de Ação Civil Pública;3603;A
3651;Crimes Agrários;3603;A
3653;Crimes relacionados à Comissão Parlamentar de Inquérito;3603;A
3654;Crimes Eleitorais;3603;A
3655;Crime de Quebra de Sigilo Financeiro;3603;A
3656;Crimes do Código Brasileiro de Telecomunicações;3603;A
3659;Crimes Previstos no Estatuto do Idoso;3603;A
3660;Parcelamento do solo urbano;3603;A
3661;Crimes Falimentares;3603;A
3692;Contravenções Penais;287;A
4263;Ação Penal;1209;A
4264;Nulidade;4263;A
4271;Suspensão;4263;A
4272;Trancamento;4263;A
4291;Jurisdição e Competência;1209;A
4305;Recurso;1209;A
4310;Fiança;1209;A
4355;Prisão Preventiva;1209;A
4368;Denúncia/Queixa;1209;A
4370;Recebimento;4368;A
4371;Rejeição;4368;A
4435;Aplicabilidade;1695;A
4438;Anulação;1695;A
4654;Propriedade Intelectual / Industrial;10448;A
4656;Direito Autoral;4654;A
4660;Patente;4654;A
4670;Desenho Industrial;4654;A
4680;Marca;4654;A
4701;Ato / Negócio Jurídico;7947;A
4703;Defeito, nulidade ou anulação;4701;A
4706;Evicção ou Vicio Redibitório;4701;A
4718;Cessão de Crédito;7688;A
4728;Câmbio;9580;A
4794;Parceria Agrícola e/ou pecuária;9580;A
4805;Previdência privada;9580;A
4813;Representação comercial;9580;A
4829;Atraso de vôo;4862;A
4830;Cancelamento de vôo;4862;A
4831;Overbooking;4862;A
4832;Extravio de bagagem;4862;A
4839;Sistema Financeiro da Habitação;9580;A
4840;Equivalência salarial;4839;A
4841;Quitação;4839;A
4842;Reajuste de Prestações;4839;A
4843;Transferência de Financiamento (contrato de gaveta);4839;A
4846;Sustação/Alteração de Leilão;4839;A
4847;Seguro;4839;A
4854;Revisão do Saldo Devedor;4839;A
4862;Transporte Aéreo;7771;A
4897;Associação;9981;A
4899;Assembléia;4897;A
4902;Eleição;4897;A
4904;Extinção;4897;A
4905;Fundação de Direito Privado;9981;A
4907;Assembléia;4905;A
4909;Eleição;4905;A
4910;Extinção;4905;A
4933;Apuração de haveres;5724;A
4934;Constituição;5724;A
4935;Dissolução;5724;A
4939;Desconsideração da Personalidade Jurídica;5724;A
4940;Ingresso e Exclusão dos Sócios na Sociedade;5724;A
4942;Responsabilidade dos sócios e administradores;5724;A
4943;Transferência de cotas;5724;A
4949;Títulos de Crédito;7681;A
4951;Anulação;4949;A
4957;Requisitos;4949;A
4960;Cédula de Crédito Bancário;7717;A
4961;Cédula de Crédito à Exportação;7717;A
4962;Cédula de Crédito Comercial;7717;A
4963;Cédula de Crédito Industrial;7717;A
4964;Cédula de Crédito Rural;7717;A
4968;Cédula de Produto Rural;7717;A
4969;Cédula Hipotecária;7717;A
4970;Cheque;7717;A
4971;Debêntures;7717;A
4972;Duplicata;7717;A
4973;Letra de Câmbio;7717;A
4974;Nota de Crédito Comercial;7717;A
4975;Nota de Crédito Industrial;7717;A
4976;Nota de Crédito Rural;7717;A
4980;Nota Promissória;7717;A
4981;Warrant;7717;A
4993;Recuperação judicial e Falência;9616;A
4994;Recuperação extrajudicial;4993;A
4998;Autofalência;4993;A
5000;Concurso de Credores;4993;A
5001;Liquidação;4993;A
5003;Revogação de atos praticados em prejuízo de credores e da massa;4993;A
5009;Mercado de Capitais;9616;A
5010;Bolsa de Valores;5009;A
5193;Engajamento e Profissionais Marítimos;7783;A
5194;Seguros Marítimos;7783;A
5196;Aluguel de Embarcações (Fretamento E Carta Partida);7783;A
5555;Crime Tentado;287;A
5556;Grave;3385;A
5557;Gravíssima;3385;A
5558;Privilegiada;3385;A
5560;Decorrente de Violência Doméstica;3385;A
5564;Furto Privilegiado;3415;A
5565;Furto de Veículo Automotor a ser Transportado para outro Estado ou Exterior;3415;A
5566;Roubo Majorado;3415;A
5567;Latrocínio;3415;A
5568;Extorsão mediante Seqüestro Seguida de Morte;3415;A
5569;Extorsão mediante Sequestro Seguida de Lesão Corporal Grave;3415;A
5570;Supressão ou Alteração de Marca em Animais;3415;A
5571;Dano Qualificado;3415;A
5572;Apropriação de Tesouro;3415;A
5573;Apropriação de Coisa Achada;3415;A
5575;Abandono;7784;A
5577;Acidentes da Navegação;7784;A
5585;Registro / Cadastro do Armador;1146;A
5589;Arresto de Embarcação;7784;A
5591;Assistência / Salvamento;7784;A
5592;Avaria;7784;A
5595;Responsabilidade do Comandante ou Capitão;1146;A
5603;Inscrição / Registro da Embarcação;1146;A
5609;Hipoteca Marítima;7783;A
5612;Créditos / Privilégios Marítimos;7783;A
5621;Serviços Auxiliares da Navegação;1146;A
5622;Agenciamento;5621;A
5623;Corretagem de Embarcação;5621;A
5624;Praticagem;5621;A
5626;Família;899;A
5632;Prescrição e Decadência;7947;A
5680;Edição;9580;A
5724;Sociedade ;9616;A
5754;Pessoas naturais;899;A
5779;Alimentos;5626;A
5787;Exoneração;5779;A
5788;Revisão;5779;A
5801;Busca e Apreensão de Menores;10577;A
5802;Guarda;10577;A
5804;Investigação de Paternidade;10577;A
5805;Regulamentação de Visitas;10577;A
5808;Casamento;5626;A
5813;Nulidade / Anulação;5808;A
5825;Nulidade e Anulação de Testamento;7673;A
5829;Nulidade e Anulação de Partilha e Adjudicação de Herança;7673;A
5831;Sub-rogação de Vinculo;7673;A
5832;Exclusão de herdeiro ou legatário;7673;A
5833;Petição de Herança;7673;A
5834;Deserdação;7673;A
5835;Disposição de coisa alheia como própria;3415;A
5836;Alienação ou Oneração Fraudulenta de Coisa Própria;3415;A
5837;Defraudação de Penhor;3415;A
5838;Fraude na Entrega de Coisa;3415;A
5839;Fraude para Recebimento de Indenização ou Valor de Seguro;3415;A
5840;Fraude no Pagamento por Meio de Cheque;3415;A
5841;Duplicata Simulada;3415;A
5842;Abuso de Incapazes;3415;A
5843;Induzimento à Especulação;3415;A
5844;Fraude no Comércio;3415;A
5845;Fraudes e Abusos na Fundação ou Administração de Sociedade por Ações;3415;A
5846;"Emissão Irregular de Conhecimento de Depósito ou &quot;Warrant&quot;";3415;A
5847;Receptação Qualificada;3415;A
5850;Posse Sexual Mediante Fraude;3463;A
5851;Assédio Sexual;3463;A
5852;Favorecimento da Prostituição;3463;A
5853;Casa de Prostituição;3463;A
5854;Rufianismo;3463;A
5855;Tráfico Internacional de Pessoas;3463;A
5856;Tráfico Interno de Pessoas;3463;A
5862;Fabrico / Fornecimento / Aquisição / Posse ou Transporte de Explosivos ou Gás Tóxico ou Asfixiante;3491;A
5865;Crime Culposo;287;A
5866;Venda de Produtos ou Substância nas Condições dos Artigos 274 e 275 ;3491;A
5867;Medicamento em Desacordo com Receita Médica;3491;A
5869;Incitação ao Crime;3520;A
5870;Apologia de Crime ou Criminoso;3520;A
5872;Crimes Praticados por Particular Contra a Administração em Geral;287;A
5873;Crimes Praticados por Particular Contra a Administração Pública Estrangeira;287;A
5874;Crimes Contra a Administração da Justiça;287;A
5875;Crimes Contra as Finanças Públicas;287;A
5876;Corrupção Ativa em Transação Comercial Internacional;5873;A
5877;Tráfico de Influência em Transação Comercial Internacional;5873;A
5878;Crimes contra Patente de Invenção;3438;A
5879;Crimes contra os Desenhos Industriais;3438;A
5880;Crimes contra as Marcas;3438;A
5881;Crimes Cometidos por Meio de Marca, Título de Estabelecimento e Sinal de Propaganda ;3438;A
5882;Crimes contra Indicações Geeográficas e Demais Indicações;3438;A
5883;Crimes de Concorrência Desleal;3438;A
5885;Posse de Drogas para Consumo Pessoal;3607;A
5893;Crime Contra a Administração da Justiça - Lei da Ação de Alimentos ;3603;A
5894;Fabricação de Objeto Destinado a Produção de Drogas e Condutas Afins ;3607;A
5895;Indução, Instigação ou Auxílio ao Uso de Drogas;3607;A
5896;Oferecimento de Drogas para Consumo Conjunto;3607;A
5897;Associação para a Produção e Tráfico e Condutas Afins;3607;A
5898;Financiamento ou Custeio de Produção ou Tráfico de Drogas;3607;A
5899;Colaboração com Grupo, Organização ou Associação Destinados à Produção ou Tráfico de Drogas ;3607;A
5900;Prescrição Culposa de Drogas;3607;A
5901;Condução de Embarcação ou Aeronave sob Efeito de Drogas;3607;A
5903;Contratação de Operação de Crédito;5875;A
5904;Inscrição de Despesas Não Empenhadas;5875;A
5905;Assunção de Obrigação no Último Ano do Mandato ou Legislatura;5875;A
5906;Ordenação de Despesa Não Autorizada;5875;A
5907;Prestação de Garantia Graciosa;5875;A
5908;Não Cancelamento de Restos a Pagar;5875;A
5909;Aumento de Despesa com Pessoal no Último Ano do Mandato ou Legislatura;5875;A
5910;Oferta Pública ou Colocação de Títulos no Mercado;5875;A
5911;Perigo de Contágio Venéreo;3388;A
5913;Limitações ao Poder de Tributar;14;A
5914;Imunidade ;5913;A
5915;Isenção;5913;A
5916;Impostos;14;A
5917;IRPF/Imposto de Renda de Pessoa Física;5916;A
5918;Incidência sobre PDV;5917;A
5919;Incidência sobre Aposentadoria;5917;A
5920;Incidência sobre Aplicações Financeiras;5917;A
5921;Incidência sobre Licença-Prêmio/Abono/Indenização;5917;A
5922;Retido na fonte;5917;A
5923;Incidência sobre Férias Compensadas;5917;A
5924;Incidência sobre Proventos de Previdência Privada;5917;A
5925;Incidência sobre Participação nos Lucros;5917;A
5926;Incidência sobre Lucro Imobiliário;5917;A
5927;Incidência sobre 1/3 de férias (art. 7º, XVII da CF);5917;A
5928;Incidência sobre 13° Salário;5917;A
5929;Incidência sobre Função Comissionada;5917;A
5930;Incidência sobre Hora Extra;5917;A
5931;Incidência decorrente de Desligamento de Plano de Previdência Privada;5917;A
5932;Incidência decorrente de Liquidação de Entidade de Previdência Privada;5917;A
5933;IRPJ/Imposto de Renda de Pessoa Jurídica;5916;A
5934;Microempresa;5933;A
5935;Demonstrações Financeiras (DCTF);5933;A
5936;Incidência sobre Aplicações Financeiras;5933;A
5937;Retido na fonte;5933;A
5938;Incidência sobre Lucro;5933;A
5939;Cooperativa;5933;A
5940;Compensação de Prejuízos;5933;A
5941;II/ Imposto sobre Importação;5916;A
5942;Importação de bens usados;5941;A
5943;Drawback;5941;A
5944;IE/ Imposto sobre Exportação;5916;A
5945;IPI/ Imposto sobre Produtos Industrializados;5916;A
5946;ICMS/ Imposto sobre Circulação de Mercadorias;5916;A
5947;ICMS/Importação;5946;A
5948;IOC/IOF Imposto sobre operações de crédito, câmbio e seguro, ou relativas a títulos ou valores mobiliários;5916;A
5949;Incidência sobre Ações de Companhias Abertas;5948;A
5950;ITR/ Imposto Territorial Rural;5916;A
5951;ISS/ Imposto sobre Serviços;5916;A
5952;IPTU/ Imposto Predial e Territorial Urbano;5916;A
5953;IPVA - Imposto Sobre Propriedade de Veículos Automotores;5916;A
5954;ITBI - Imposto de Transmissão Intervivos de Bens Móveis e Imóveis;5916;A
5955;ITCD - Imposto de Transmissão Causa Mortis;5916;A
5956;Taxas;14;A
5957;Federais;5956;A
5958;Taxa Anual por Hectare;5957;A
5959;Taxa de Armazenamento;5957;A
5960;Taxa de Despacho Aduaneiro;5957;A
5961;Taxa de Exploração Mineral;5957;A
5962;Taxa de Fiscalização Ambiental;5957;A
5963;Taxa de Guia de Importação;5957;A
5964;Taxa de Licença de Importação;5957;A
5965;Taxa de Melhoramento de Portos;5957;A
5966;Taxa de Permanência;5957;A
5967;Taxa de Saúde Suplementar;5957;A
5968;Taxa de Fiscalização da Comissão de Valores Mobiliários;5957;A
5969;Taxa Judiciária;5957;A
5970;Taxa de Aferição de Equipamentos de Metrologia;5957;A
5971;Estaduais;5956;A
5972;Municipais;5956;A
5973;Empréstimos Compulsórios;14;A
5974;Aquisição de veículos automotores;5973;A
5975;Aquisição de combustíveis;5973;A
5976;Aquisição de passagens e moedas - Viagem Exterior;5973;A
5977;Energia Elétrica;5973;A
5978;Obrigação Tributária;14;A
5979;Responsabilidade tributária;5978;A
5980;Responsabilidade Tributária do Sócio-Gerente / Diretor / Representante;5979;A
5981;Substituição Tributária;5979;A
5982;DIMOB/Declaração de Informações sobre Atividades Imobilíárias;5978;A
5983;CNPJ/Cadastro Nacional de Pessoas Jurídicas;5978;A
5984;CPF/Cadastro de Pessoas Físicas;5978;A
5985;Obrigação Acessória;5978;A
5986;Crédito Tributário;14;A
5987;Suspensão da Exigibilidade;5986;A
5988;Carta de fiança;5987;A
5989;Parcelamento;5987;A
5990;Extinção do Crédito Tributário;5986;A
5991;Compensação com Apólices da Dívida Pública;5990;A
5992;Prescrição;5990;A
5993;Decadência;5990;A
5994;Compensação;5990;A
5995;TDA/Títulos da Dívida Agrária;5990;A
5996;Anistia;5986;A
5997;Denúncia espontânea;5986;A
5998;Lançamento;5986;A
5999;CND/Certidão Negativa de Débito;5986;A
6000;Expedição de CND;5999;A
6001;Expedição de Certidão Positiva de Débito com Efeito de Negativa;5999;A
6002;Certificado de Regularidade - FGTS;5999;A
6003;Incentivos fiscais;5986;A
6004;Anulação de Débito Fiscal;5986;A
6005;Juros/Correção Monetária;5986;A
6006;Prazo de Recolhimento;5986;A
6007;Repetição de indébito;5986;A
6008;Base de Cálculo;5986;A
6009;Crédito Prêmio;5986;A
6010;Crédito Presumido;5986;A
6011;Fato Gerador/Incidência;5986;A
6012;Alíquota;5986;A
6013;Alíquota Zero;6012;A
6014;Alíquota Progressiva;6012;A
6015;Índice da Alíquota;6012;A
6016;Creditamento;5986;A
6017;Dívida Ativa (Execução Fiscal);14;A
6018;Processo Administrativo Fiscal;14;A
6019;Depósito Prévio ao Recurso Administrativo;6018;A
6020;Arrolamento de Bens;6018;A
6021;Procedimentos Fiscais;14;A
6022;Sigilo Fiscal;6021;A
6023;Utilização de Dados Relativos à CPMF para Fins de Fiscalização;6022;A
6024;Liberação de mercadorias;6021;A
6025;Levantamento de depósito;6021;A
6026;Cadastro de Inadimplentes - CADIN/SPC/SERASA/SIAFI/CAUC;6021;A
6027;Autorização para Impressão de Documentos Fiscais - AIDF;6021;A
6028;Liberação de Veículo Apreendido;6021;A
6029;Perdimento de Bens;6021;A
6030;"GATT - &quot;Acordo Geral sobre Tarifas e Comércio&quot;";14;A
6031;Contribuições;14;A
6032;Contribuições de Melhoria;6031;A
6033;Contribuições Sociais;6031;A
6034;Finsocial;6033;A
6035;Cofins;6033;A
6036;Contribuição Social sobre o Lucro Líquido;6033;A
6037;Salário-Educação;6033;A
6038;Seguro Acidentes do Trabalho;6033;A
6039;PIS;6033;A
6040;Funrural;6033;A
6041;Contribuição INCRA;6033;A
6042;PASEP;6033;A
6043;Construção Civil;6033;A
6044;Contribuições Corporativas;6031;A
6045;Contribuições para o SEBRAE, SESC, SENAC, SENAI e outros;6044;A
6046;Conselhos Regionais e Afins (Anuidade);6044;A
6047;Contribuição Sindical;6044;A
6048;Contribuições Previdenciárias;6031;A
6049;Servidores Ativos;6048;A
6050;Servidores Inativos;6048;A
6051;Mandato Eletivo/Lei 9.506/97;6048;A
6052;Aposentadoria/Retorno aoTrabalho;6048;A
6053;Cargo em Comissão;6048;A
6054;Tempo de Serviço Urbano/Contribuições não Recolhidas;6048;A
6055;Tempo de Serviço Rural/Contribuições não Recolhidas;6048;A
6056;Gratificação Natalina/13º Salário;6048;A
6057;Produção Agropecuária;6048;A
6058;Indenização Trabalhista;6048;A
6059;Reembolso auxílio-creche;6048;A
6060;Contribuição sobre a folha de salários;6048;A
6061;Devolução de contribuições previdenciárias pagas além do teto;6048;A
6062;1/3 de férias;6048;A
6063;Auxílio-Alimentação;6048;A
6064;Custeio de Assistência Médica;6048;A
6065;Hora Extra;6048;A
6066;Massa Falida- Recolhimento;6048;A
6067;Nota Fiscal ou Fatura;6048;A
6068;Salário-Maternidade;6048;A
6069;Contribuição sobre Nota Fiscal de Execução de Serviços;6048;A
6070;Contribuição de Autônomos, Empresários (Pró-labore) e Facultativos;6048;A
6071;Contribuições Especiais;6031;A
6072;FNT/Fundo Nacional de Telecomunicações;6071;A
6073;ATP/Adicional de Tarifa Portuária;6071;A
6074;AITP/Adicional de Indenização do Trabalhador Portuário Avulso;6071;A
6075;Adicional de Tarifa Aeroportuária;6071;A
6076;AFRMM/Adicional ao Frete para Renovação da Marinha Mercante ;6071;A
6077;FUNDEB/FUNDEF/Fundo de Manutenção e Desenvolvimento do Ensino Fundamental e de Valorização do Magistério;6071;A
6078;Seguro Apagão (Lei 10.438/02);6071;A
6079;Contribuição sobre licença de uso ou transferência de tecnologia;6071;A
6080;Contribuição de Intervenção no Domínio Econômico (CIDE);6071;A
6081;FUNDAF/Fundo Especial de Desenvolvimento e Aperfeiçoamento das Atividades de Fiscalização ;6071;A
6082;FUSEX/FUNSA/FUSMA/Fundo de Saúde das Forças Armadas;6071;A
6083;Contribuição de Iluminação Pública;6071;A
6084;IUEE/Imposto Único sobre Energia Elétrica;6071;A
6085;FGTS/Fundo de Garantia Por Tempo de Serviço;6071;A
6086;Contribuição sobre Açúcar e Álcool;6071;A
6087;CPMF/Contribuição Provisória sobre Movimentação Financeira;6071;A
6088;Discriminação Tributária MERCOSUL;14;A
6089;Regimes Especiais de Tributação;14;A
6090;REFIS/Programa de Recuperação Fiscal;6089;A
6091;PAES/Parcelamento Especial;6089;A
6092;SIMPLES;6089;A
6093;Super SIMPLES;6089;A
6094;Benefícios em Espécie;195;A
6095;Aposentadoria por Incapacidade Permanente;6094;A
6096;Aposentadoria por Idade (Art. 48/51);6094;A
6097;Aposentadoria Urbana (Art. 48/51);6096;A
6098;Aposentadoria Rural (Art. 48/51);6096;A
6099;Aposentadoria por Tempo de Serviço (Art. 52/4);6094;A
6100;Aposentadoria Especial (Art. 57/8);6094;A
6101;Auxílio por Incapacidade Temporária;6094;A
6102;Salário-Família (Art. 65/70);6094;A
6103;Salário-Maternidade (Art. 71/73);6094;A
6104;Pensão por Morte (Art. 74/9);6094;A
6105;Auxílio-Reclusão (Art. 80);6094;A
6106;Pecúlios (Art. 81/5);6094;A
6107;Auxílio-Acidente (Art. 86);6094;A
6108;Incapacidade Laborativa Parcial;6107;A
6109;Incapacidade Laborativa Permanente;6107;A
6110;Incapacidade Laborativa Temporária;6107;A
6111;Movimentos Repetitivos/Tenossinovite/LER/DORT;6107;A
6112;Redução da Capacidade Auditiva;6107;A
6113;Abono de Permanência em Serviço (Art. 87);6094;A
6114;Benefício Assistencial (Art. 203,V CF/88);12734;A
6115;Ferroviário;6094;A
6116;Ex-combatentes;6094;A
6117;Renda Mensal Vitalícia;6094;A
6118;Aposentadoria por Tempo de Contribuição (Art. 55/6);6094;A
6119;RMI - Renda Mensal Inicial, Reajustes e Revisões Específicas;195;A
6120;RMI - Renda Mensal Inicial;6119;A
6121;RMI pelo art. 202 CF/88 (média dos 36 últimos salários-de-contribuição);6120;A
6122;RMI pelo art. 1º da Lei 6.423/77 - índices de atualização dos 24 1ºs salários-de-contribuição, anteriores aos 12 últimos);6120;A
6123;RMI pela equivalência entre Salário-de-Benefício e Salário-de-Contribuição;6120;A
6124;RMI sem incidência de Teto Limitador;6120;A
6125;RMI da pensão de dependente de ex-combatente;6120;A
6126;Benefício mínimo a partir da CF/88 (art. 201, § 2º CF/88);6120;A
6127;Parcelas e índices de correção do salário-de-contribuição;6120;A
6128;Limitação do salário-de-benefício e da renda mensal inicial;6120;A
6129;RMI cuja salário-de-benefício supera menor valor teto;6120;A
6130;Escala de Salário-Base;6120;A
6131;Contribuição sobre vinte salários mínimos;6120;A
6132;Cálculo do Benefício de acordo com a Sistemática anterior à Lei 9.876/99;6120;A
6133;IRSM de Fevereiro de 1994(39,67%);6120;A
6134;Alteração do coeficiente de cálculo de pensão;6120;A
6135;Alteração do coeficiente de cálculo do benefício;6120;A
6136;Cálculo do benefício de segurado especial de acordo com a Lei 9.876/99;6120;A
6137;Cálculo do fator previdenciário - Lei 9.876/99;6120;A
6138;Reajustes e Revisões Específicos;6119;A
6139;Reajuste pela Súmula 260 do TFR;6138;A
6140;Art. 58 ADCT da CF/88;6138;A
6141;Utilização do PNS no Reajuste de Benefícios;6138;A
6142;Manutenção do Benefício pela equivalência salarial;6138;A
6143;Expurgos inflacionários sobre os benefícios;6138;A
6144;Salário Mínimo de Ncz$ 120,00 para junho/89;6138;A
6145;Reajuste de 147%;6138;A
6146;Reajustamento pelo IGP-DI;6138;A
6147;Aplicação de coeficiente de cálculo diverso do fixado na Lei n.º 8.213/91;6138;A
6148;Reajuste aplicado ao salário mínimo em setembro/94;6138;A
6149;Sistemática de conversão dos benefícios previdenciários em URVs;6138;A
6150;Reajustamento pelo INPC;6138;A
6151;Art. 144 da Lei 8.213/91 e/ou diferenças decorrentes;6138;A
6152;Gratificação Natalina a partir da CF/88 (Art. 201, § 6º CF/88);6138;A
6153;Abono da Lei 8.178/91;6138;A
6154;Índice de 4,02% da Lei 8.222/91;6138;A
6155;Desconto do DL 1.910/81;6138;A
6156;Descontos dos benefícios;6138;A
6157;Correção Monetária pela Súmula 71 TFR;6138;A
6158;Correção Monetária de Benefício pago com atraso;6138;A
6159;Reajuste conforme Portaria MPAS 714/1993;6138;A
6160;Disposições Diversas Relativas às Prestações;195;A
6161;Habilitação e Reabilitação Profissional;6160;A
6162;Decadência/Prescrição;6160;A
6164;Declaração de Ausência;6160;A
6165;Atividade concomitante;6160;A
6166;Renúncia ao benefício;6160;A
6167;Demonstrativo das importâncias pagas;6160;A
6168;Períodos de Carência;6160;A
6169;Limite Mínimo de Idade;6160;A
6170;Perda da qualidade de segurado;6160;A
6171;Inclusão de Dependente;6160;A
6172;"Regra de Transição para Aposentadoria - &quot;Pedágio&quot;";6160;A
6173;Pedidos Genéricos Relativos aos Benefícios em Espécie;195;A
6174;Data de Início de Benefício (DIB);6173;A
6175;Cumulação;6173;A
6176;Parcelas de benefício não pagas;6173;A
6177;Concessão;6173;A
6178;Restabelecimento;6173;A
6179;Conversão;6173;A
6181;Tempo de serviço;195;A
6182;Averbação/Cômputo/Conversão de tempo de serviço especial;6181;A
6183;Averbação/Cômputo de tempo de serviço de segurado especial (regime de economia familiar);6181;A
6184;Averbação/Cômputo de tempo de serviço  rural (empregado/empregador);6181;A
6185;Averbação/Cômputo do tempo de serviço como aluno aprendiz;6181;A
6186;Averbação/Cômputo do tempo de serviço militar;6181;A
6187;Averbação/Cômputo de tempo de serviço de empregado doméstico;6181;A
6188;Averbação/Cômputo de tempo de serviço urbano;6181;A
6189;Certidão de Tempo de Serviço;6181;A
6190;Contagem Recíproca de Tempo de Serviço;6181;A
6191;DIREITO INTERNACIONAL;0;A
6192;Nacionalidade;6191;A
6193;Aquisição;6192;A
6194;Perda;6192;A
6195;Concessão de Naturalização;6192;A
6196;Cancelamento de Naturalização;6192;A
6197;Estrangeiro;6191;A
6198;Admissão / Entrada / Permanência / Saída;6197;A
6199;Asilo;6197;A
6200;Livre Trânsito MERCOSUL;6197;A
6201;Trabalhador Migrante ou Fronteiriço do MERCOSUL;6197;A
6202;Proteção Internacional a Direitos Humanos;6191;A
6203;Cooperação Internacional;6191;A
6206;Auxílio Direto;6203;A
6207;Mercosul;6203;A
6212;Tratados e Convenções Internacionais;6191;A
6213;Normas do Mercosul;6191;A
6215;Sucessão de Bens de Estrangeiro;6191;A
6216;Prestação de Alimentos;6191;A
6217;Funcionamento de Empresa Estrangeira;6191;A
6218;Pessoa Jurídica Estrangeira;6191;A
6219;Contratos Internacionais;6191;A
6220;Responsabilidade do Fornecedor;1156;A
6226;Inclusão Indevida em Cadastro de Inadimplentes;7779;A
6238;Oferta;5779;A
6239;Fixação;5779;A
7617;Telefonia;7771;A
7618;Turismo;7771;A
7619;Consórcio;7771;A
7620;Estabelecimentos de Ensino;7771;A
7621;Seguro;7771;A
7626;Assinatura Básica Mensal;7617;A
7627;Pulsos Excedentes;7617;A
7656;União Estável ou Concubinato;5626;A
7659;Regime de Bens Entre os Cônjuges;5626;A
7660;Usufruto e Administração dos Bens de Filhos Menores;5626;A
7661;Bem de Família (Voluntário);5626;A
7664;Dissolução;5808;A
7667;Investigação de Maternidade;10577;A
7671;Adoção de Maior;10577;A
7672;União Homoafetiva;7656;A
7673;Sucessões;899;A
7676;Administração de herança;7673;A
7677;Reconhecimento / Dissolução;7656;A
7681;Obrigações;899;A
7687;Inventário e Partilha;7673;A
7688;Transmissão;7681;A
7689;Assunção de Dívida;7688;A
7690;Adimplemento e Extinção;7681;A
7691;Inadimplemento;7681;A
7694;Atos Unilaterais;7681;A
7696;Preferências e Privilégios Creditórios;7681;A
7697;Correção Monetária;7691;A
7698;Perdas e Danos;7691;A
7699;Juros de Mora - Legais / Contratuais;7691;A
7700;Cláusula Penal;7691;A
7701;Arras ou Sinal;7691;A
7703;Pagamento;7690;A
7704;Pagamento em Consignação;7690;A
7705;Pagamento com Sub-rogação;7690;A
7706;Imputação do Pagamento;7690;A
7707;Dação em Pagamento;7690;A
7708;Novação;7690;A
7709;Compensação;7690;A
7710;Confusão;7690;A
7711;Remissão das Dívidas;7690;A
7712;Promessa de Recompensa;7694;A
7713;Gestão de Negócios;7694;A
7714;Pagamento Indevido;7694;A
7715;Enriquecimento sem Causa;7694;A
7717;Espécies de Títulos de Crédito;7681;A
7724;REGISTROS PÚBLICOS;0;A
7725;Registro Civil das Pessoas Naturais;7724;A
7729;Tabelionato de Protestos de Títulos;7724;A
7732;Registro de nascimento após prazo legal;7725;A
7735;Retificação de Nome ;7725;A
7737;Cancelamento de Protesto;7729;A
7748;Acidente Aéreo;4862;A
7752;Bancários;7771;A
7757;Auxílio-Doença Acidentário;6094;A
7760;Fornecimento de Energia Elétrica;7771;A
7761;Fornecimento de Água;7771;A
7767;Substituição do Produto;6220;A
7768;Rescisão do contrato e devolução do dinheiro;6220;A
7769;Abatimento proporcional do preço ;6220;A
7770;Interpretação / Revisão de Contrato;6220;A
7771;Contratos de Consumo;1156;A
7772;Cartão de Crédito;7771;A
7773;Financiamento de Produto;7771;A
7774;Serviços Profissionais;7771;A
7775;Serviços Hospitalares;7771;A
7776;Transporte Terrestre;7771;A
7779;Indenização por Dano Moral;6220;A
7780;Indenização por Dano Material;6220;A
7781;Protesto Indevido de Título;7779;A
7783;Responsabilidade Contratual;1146;A
7784;Responsabilidade Extracontratual;1146;A
7785;Prestação Pecuniária;7790;A
7786;Perda de Bens e Valores;7790;A
7787;Prestação de Serviços à Comunidade;7790;A
7788;Interdição Temporária de Direitos;7790;A
7789;Limitação de Fim de Semana;7790;A
7790;Pena Restritiva de Direitos;7942;A
7791;Pena Privativa de Liberdade;7942;A
7792;Pena de Multa;7942;A
7793;Medidas de Segurança;7942;A
7794;Tratamento Ambulatorial;7793;A
7795;Internação;7793;A
7797;Quanto à Embarcação;7783;A
7798;Quanto à Carga;7783;A
7799;Clandestinos;7784;A
7834;Retificação de Data de Nascimento;7725;A
7835;Retificação de Sexo;7725;A
7895;Registro de Imóveis;7724;A
7896;Cancelamento de Hipoteca;7895;A
7897;Inscrição na Matrícula de Registro Torrens;7895;A
7898;Instituição de Bem de Família;7895;A
7899;Bloqueio de Matrícula;7895;A
7911;Por Remição;7896;A
7912;Por Terceiro Prejudicado;7896;A
7925;Registro de Óbito após prazo legal;7725;A
7926;Registro de Nascimento de Filho de Brasileiro Nascido no Exterior;7725;A
7928;Liberdade Provisória;1209;A
7929;Prisão em flagrante;1209;A
7935;Perempção;4263;A
7937;Inclusão/exclusão de Jurado;1209;A
7940;Deserção;4305;A
7941;Denegação;4305;A
7942;Execução Penal e de Medidas Alternativas;1209;A
7945;Falsidade;1209;A
7947;Fatos Jurídicos;899;A
7949;Direitos da Personalidade ;5754;A
7952;Organizações Religiosas;9981;A
8826;DIREITO PROCESSUAL CIVIL E DO TRABALHO;0;A
8828;Jurisdição e Competência;8826;A
8829;Competência ;8828;A
8838;Imunidade de Jurisdição;8828;A
8842; Partes e Procuradores;8826;A
8843;Assistência Judiciária Gratuita;8842;A
8859;Intervenção de Terceiros ;8842;A
8865;Litigância de Má-Fé;8842;A
8866;Litisconsórcio ;8842;A
8867;Substituição Processual;8842;A
8868;Procuração ;8842;A
8873;Representação em Juízo;8842;A
8874;Sucumbência ;8842;A
8875;Ministério Público;8826;A
8883;Órgãos Judiciários e Auxiliares da Justiça;8826;A
8884;Do Juiz;8883;A
8888;Dos Auxiliares da Justiça;8883;A
8893;Atos Processuais;8826;A
8919;Nulidade;8893;A
8928; Prazo;8893;A
8934;Valor da Causa;8893;A
8938;Formação, Suspensão e Extinção do Processo;8826;A
8939; Suspensão do Processo;8938;A
8941;Modificação ou Alteração do Pedido;8938;A
8942;Extinção do Processo Sem Resolução de Mérito;8938;A
8960;Processo e Procedimento;8826;A
8961;Antecipação de Tutela / Tutela Específica;8960;A
8986;Erro de Procedimento;8960;A
8990;Provas;8960;A
9024;Revelia ;8960;A
9026;Vícios Formais da Sentença;8960;A
9045;Recurso;8826;A
9047;Efeitos;9045;A
9050;Preparo/Deserção;9045;A
9060;Prazo;9045;A
9098; Cabimento;9045;A
9148;Liquidação / Cumprimento / Execução;8826;A
9149;Valor da Execução / Cálculo / Atualização;9148;A
9160;Levantamento de Valor;9148;A
9163;Penhora / Depósito/ Avaliação ;9148;A
9166;Multa de 10%;9148;A
9178;Inexequibilidade do Título / Inexigibilidade da Obrigação;9148;A
9180;Expropriação de Bens;9148;A
9189;Remição;9148;A
9192;Tutela Provisória;8826;A
9196;Liminar ;9192;A
9258;Honorários Periciais;8842;A
9414;Extinção da Execução;9148;A
9418;Concurso de Credores;9148;A
9419;Execução Previdenciária;9148;A
9450;Fraude à Execução;9148;A
9453;Imunidade de Execução;9148;A
9484;Sucessão;9148;A
9493;Capacidade Processual;8842;A
9494;Substituição da Parte;8842;A
9517;Causas Supervenientes à Sentença;9148;A
9518;Efeito Suspensivo / Impugnação / Embargos à Execução;9148;A
9519;Benefício de Ordem;9148;A
9520;Ato Atentatório à Dignidade da Justiça;9148;A
9524;Indenização do Prejuízo;9192;A
9532;Caução;9192;A
9533;Coligação;5724;A
9534;Transformação;5724;A
9535;Incorporação;5724;A
9536;Fusão;5724;A
9537;Cisão;5724;A
9538;Liquidação;5724;A
9539;Alteração de capital;5724;A
9541;Capacidade;5754;A
9542;Curadoria dos bens do ausente;5754;A
9543;Sucessão Provisória;5754;A
9545;Inclusão de associado;4897;A
9546;Exclusão de associado;4897;A
9547;Fiscalização;4905;A
9555;Ineficácia de atos  em relação à massa;4993;A
9556;Convolação de recuperação judicial em falência;4993;A
9558;Administração judicial;4993;A
9559;Classificação de créditos;4993;A
9565;Laudo Arbitral Internacional;6191;A
9575;Sustação de Protesto;4949;A
9580;Espécies de Contratos;7681;A
9581;Agência e Distribuição;9580;A
9582;Alienação Fiduciária;9580;A
9583;Arrendamento Rural;9580;A
9584;Arrendamento Mercantil;9580;A
9585;Cartão de Crédito;9580;A
9586;Comissão;9580;A
9587;Compra e Venda;9580;A
9588;Corretagem;9580;A
9589;Depósito;9580;A
9590;Doação;9580;A
9591;Empreitada;9580;A
9592;Fiança;9580;A
9593;Locação de Imóvel;9580;A
9594;Mandato;9580;A
9595;Troca ou Permuta;9580;A
9596;Prestação de Serviços;9580;A
9597;Seguro;9580;A
9598;Transação;9580;A
9599;Transporte de Coisas;9580;A
9600;Transporte de Pessoas;9580;A
9601;Estimatório;9580;A
9602;Comodato;9580;A
9603;Mútuo;9580;A
9604;Constituição de Renda;9580;A
9605;Jogo e Aposta;9580;A
9606;Compromisso;9580;A
9607;Contratos Bancários;9580;A
9608;Franquia;9580;A
9609;Locação de Móvel;9580;A
9610;Despejo para Uso Próprio;9593;A
9611;Despejo para Uso de Ascendentes e Descendentes;9593;A
9612;Despejo por Denúncia Vazia;9593;A
9614;Benfeitorias;9593;A
9615;Direito de Preferência;9593;A
9616;Empresas;899;A
9617;Espécies de Sociedades;9616;A
9618;Conta de Participação;9617;A
9619;Simples;9617;A
9620;Nome Coletivo;9617;A
9621;Comandita Simples;9617;A
9622;Limitada;9617;A
9623;Anônima;9617;A
9624;Comandita por Ações;9617;A
9625;Cooperativa;9617;A
9626;Coligadas;9617;A
9627;Dependente de Autorização;9617;A
9629;Estrangeira;9617;A
9633;DIREITO DA CRIANÇA E DO ADOLESCENTE;0;A
9634;Ato Infracional;9633;A
9635;Contra a vida;9634;A
9636;Homicídio Simples;9635;A
9637;Homicídio Privilegiado;9635;A
9638;Homicídio Qualificado;9635;A
9639;Induzimento, Instigação ou Auxílio a Suicídio;9635;A
9640;Infanticídio;9635;A
9641;Lesões Corporais;9634;A
9642;Leve;9641;A
9643;Seguida de Morte;9641;A
9644;Grave;9641;A
9645;Gravíssima;9641;A
9646;Privilegiada;9641;A
9647;Decorrente de Violência Doméstica;9641;A
9648;Periclitação da Vida e da Saúde;9634;A
9649;Perigo de contágio de moléstia grave;9648;A
9650;Perigo para a vida ou saúde de outrem (art. 132);9648;A
9651;Abandono de incapaz (art. 133);9648;A
9652;Omissão de socorro (art. 135);9648;A
9653;Rixa (art. 137);9634;A
9654;Perigo de Contágio Venéreo;9648;A
9655;Contra a Honra;9634;A
9656;Calúnia;9655;A
9657;Difamação;9655;A
9658;Injúria;9655;A
9659;Contra a liberdade pessoal;9634;A
9660;Constrangimento ilegal (art. 146);9659;A
9661;Ameaça (art. 147);9659;A
9662;Seqüestro e cárcere privado (art. 148);9659;A
9663;Redução a condição análoga à de escravo (art. 149);9659;A
9664;Contra a inviolabilidade de domicílio;9634;A
9665;Violação de domicílio (art. 150);9664;A
9666;Contra a inviolabilidade de correspondência;9634;A
9667;Violação de correspondência (art. 151, caput);9666;A
9668;Sonegação ou destruição de correspondência (art. 151, § 1º, I);9666;A
9669;Violação de comunicação telegráfica, radioelétrica ou telefônica (art. 151, § 1º, II, III e IV);9666;A
9670;Violação de Correspondência comercial (art. 152);9666;A
9671;Contra a inviolabilidade de segredo;9634;A
9672;Divulgação de segredo (art. 153);9671;A
9673;Violação do segredo profissional (art. 154);9671;A
9674;Contra o Patrimônio;9634;A
9675;Furto (art. 155);9674;A
9676;Furto Qualificado (Art. 155, § 4o.);9674;A
9677;Furto de coisa comum (art. 156);9674;A
9678;Roubo (art. 157);9674;A
9679;Extorsão (art. 158);9674;A
9680;Extorsão mediante seqüestro (art. 159);9674;A
9681;Extorsão indireta (art. 160);9674;A
9682;Alteração de limites (art. 161, caput);9674;A
9683;Usurpação de águas (art. 161, § 1º, I);9674;A
9684;Esbulho possessório (art. 161, § 1º, II);9674;A
9685;Dano (art. 163);9674;A
9686;Introdução ou abandono de animais em propriedade alheia (art. 164);9674;A
9687;Dano em coisa de valor artístico, arqueológico ou histórico (art. 165);9674;A
9688;Alteração de local especialmente protegido (art. 166);9674;A
9689;Apropriação indébita Previdenciária (art. 168-A e Lei 8.212/91);9674;A
9690;Estelionato;9674;A
9691;Estelionato Majorado (art. 171, § 3º);9674;A
9692;Outras fraudes;9674;A
9693;Fraude à execução (art. 179);9674;A
9694;Receptação;9674;A
9695;Apropriação indébita (art. 168, caput);9674;A
9696;Apropriação de Coisa Havida por Erro, Caso Fortuito ou Força da Natureza (art.169);9674;A
9697;Furto Privilegiado;9674;A
9698;Furto de Veículo Automotor a ser Transportado para outro Estado ou Exterior;9674;A
9699;Roubo Majorado;9674;A
9700;Latrocínio;9674;A
9701;Extorsão mediante Seqüestro Seguida de Morte;9674;A
9702;Extorsão mediante Sequestro Seguida de Lesão Corporal Grave;9674;A
9703;Supressão ou Alteração de Marca em Animais;9674;A
9704;Dano Qualificado;9674;A
9705;Apropriação de Tesouro;9674;A
9706;Apropriação de Coisa Achada;9674;A
9707;Disposição de coisa alheia como própria;9674;A
9708;Alienação ou Oneração Fraudulenta de Coisa Própria;9674;A
9709;Defraudação de Penhor;9674;A
9710;Fraude na Entrega de Coisa;9674;A
9711;Fraude para Recebimento de Indenização ou Valor de Seguro;9674;A
9712;Fraude no Pagamento por Meio de Cheque;9674;A
9713;Duplicata Simulada;9674;A
9714;Abuso de Incapazes;9674;A
9715;Induzimento à Especulação;9674;A
9716;Fraude no Comércio;9674;A
9717;Fraudes e Abusos na Fundação ou Administração de Sociedade por Ações;9674;A
9718;"Emissão Irregular de Conhecimento de Depósito ou &quot;Warrant&quot;";9674;A
9719;Receptação Qualificada;9674;A
9720;Contra a Propriedade Intelectual;9634;A
9721;Violação de direito autoral;9720;A
9722;Contra a Organização do Trabalho;9634;A
9723;Atentado contra a liberdade de trabalho (art. 197);9722;A
9724;Atentado contra a liberdade de contrato de trabalho e boicotagem violenta (art. 198);9722;A
9725;Atentado contra a liberdade de associação (art. 199);9722;A
9726;Paralisação de trabalho, seguida de violência ou perturbação da ordem (art. 200);9722;A
9727;Paralisação de trabalho de interesse coletivo (art. 201);9722;A
9728;Invasão de estabelecimento industrial, comercial ou agrícola. Sabotagem (art. 202);9722;A
9729;Frustração de direitos assegurados por lei trabalhista (art. 203);9722;A
9730;Exercício de atividade com infração de decisão administrativa (art. 205);9722;A
9731;Aliciamento para fins de emigração (art. 206);9722;A
9732;Aliciamento de trabalhadores de um local para outro do território nacional (art. 207);9722;A
9733;Frustração de lei sobre a nacionalização do trabalho (art. 204);9722;A
9734;Contra o sentimento religioso e contra o respeito aos mortos;9634;A
9735;Destruição / Subração / Ocultação de Cadáver;9734;A
9736;Impedimento ou Perturbação de Cerimônia Funerária (Art. 209);9734;A
9737;Vilipêndio a Cadáver;9734;A
9738;Violação a Sepultura (Art. 210);9734;A
9739;Ultraje / Impedimento ou Perturbação de Culto Religioso;9734;A
9740;Contra a dignidade sexual;9634;A
9741;Tráfico Internacional de Pessoa para Fim de Exploração Sexual ;9740;A
9742;Estupro ;9740;A
9743;Atentado Violento ao Pudor;9740;A
9744;Atentado ao Pudor Mediante Fraude;9740;A
9745;Corrupção de Menores;9740;A
9746;Ultraje Público ao Pudor (Ato/Escrito Obsceno);9740;A
9747;Mediação para Servir a Lascívia de Outrem ;9740;A
9748;Posse Sexual Mediante Fraude;9740;A
9749;Assédio Sexual;9740;A
9750;Favorecimento da Prostituição;9740;A
9751;Casa de Prostituição;9740;A
9752;Rufianismo;9740;A
9753;Tráfico Internacional de Pessoas;9740;A
9754;Tráfico Interno de Pessoas;9740;A
9755;Contra a Família;9634;A
9756;Crimes Contra a Assistência Familiar;9755;A
9757;Abandono Material;9756;A
9758;Abandono Intelectual;9756;A
9759;Entrega de Filho Menor a Pessoa Inidônea;9756;A
9760;Crimes contra o Casamento;9755;A
9761;Bigamia;9760;A
9762;Conhecimento Prévio de Impedimento;9760;A
9763;Induzimento a erro essencial e ocultação de impedimento;9760;A
9764;Simulação de Casamento;9760;A
9765;Simulação de Autoridade para Celebração de Casamento;9760;A
9766;Crimes Contra o Estado de Filiação;9755;A
9767;Parto Suposto (Art. 242);9766;A
9768;Registro de Nascimento Inexistente (Art. 241);9766;A
9769;Sonegação do Estado de Filiação (Art. 243);9766;A
9770;Crime contra o Pátrio-Poder e Tutela;9755;A
9771;Induzimento a Fuga, Entrega Arbitrária ou Sonegação de Incapazes (Art. 248);9770;A
9772;Subtração de Incapazes (Art. 249);9770;A
9773;Contra a Incolumidade Pública;9634;A
9774;Incêndio;9773;A
9775;Explosão ;9773;A
9776;Uso de gás tóxico ou asfixiante ;9773;A
9777;Inundação / Perigo de Inundação;9773;A
9778;Desabamento ou desmoronamento (art. 256);9773;A
9779;Subtração, ocultação ou inutilização de material de salvamento (art. 257);9773;A
9780;Difusão de doença ou praga (art. 259);9773;A
9781;Desastre ferroviário / Perigo de Desastre Ferroviário;9773;A
9782;Atentado contra a segurança de transporte público;9773;A
9783;Arremesso de projétil;9773;A
9784;Atentado contra a segurança de serviços de utilidade pública (art. 265);9773;A
9785;Interrupção /perturbação de serviços telegráficos/telefônicos (art. 266);9773;A
9786;Epidemia (art. 267);9773;A
9787;Emprego de Processo Proibido/Substância não permitida;9773;A
9788;Invólucro ou recipiente com falsa indicação (art. 275);9773;A
9789;Falsificação / Corrupção / Adulteração / Alteração de produto destinado a fins terapêuticos ou medicinais;9773;A
9790;Exercício Ilegal da Medicina, Arte Dentária ou Farmacêutica (art. 282);9773;A
9791;Charlatanismo (Art. 283);9773;A
9792;Corrupção ou Poluição de Água Potável (Art. 271);9773;A
9793;Curandeirismo (Art. 284);9773;A
9794;Envenenamento de Água Potável / Substância Alimentícia ou Medicinal (Art. 270);9773;A
9795;Falsificação / Corrupção / Adulteração / Alteração de Substância ou Produtos Alimentícios;9773;A
9796;Infração de Medida Sanitária Preventiva (Art. 268);9773;A
9797;Omissão de Notificação de Doença (Art. 269);9773;A
9798;Outras Substâncias Nocivas a Saúde Pública (Art. 278);9773;A
9799;Substância Destinada à Falsificação (Art. 277);9773;A
9800;Fabrico / Fornecimento / Aquisição / Posse ou Transporte de Explosivos ou Gás Tóxico ou Asfixiante;9773;A
9801;Venda de Produtos ou Substância nas Condições dos Artigos 274 e 275 ;9773;A
9802;Medicamento em Desacordo com Receita Médica;9773;A
9803;Contra a Paz Pública;9634;A
9804;Quadrilha ou Bando (art. 288);9803;A
9805;Incitação ao Crime;9803;A
9806;Apologia de Crime ou Criminoso;9803;A
9807;Contra a Fé Pública;9634;A
9808;Moeda Falsa / Assimilados;9807;A
9809;Petrechos para falsificação de moeda (art. 291);9807;A
9810;Emissão de título ao portador sem permissão legal (art. 292);9807;A
9811;Falsificação de papéis públicos (art. 293);9807;A
9812;Falsificação do selo ou sinal público (art. 296);9807;A
9813;Falsificação de documento público;9807;A
9814;Falsificação de documento particular (art. 298);9807;A
9815;Falsidade ideológica (art. 299);9807;A
9816;Falso reconhecimento de firma ou letra (art. 300);9807;A
9817;Certidão ou atestado ideologicamente falso (art. 301, caput);9807;A
9818;Falsidade material de atestado ou certidão (art. 301, § 1º);9807;A
9819;Falsidade de atestado médico (art. 302);9807;A
9820;Reprodução ou adulteração de selo ou peça filatélica (art. 303);9807;A
9821;Uso de documento falso (art. 304);9807;A
9822;Supressão de documento (art. 305);9807;A
9823;Falsificação do sinal empregado no contraste de metal precioso ou na fiscalização alfandegária, ou para outros fins (art. 306);9807;A
9824;Falsa identidade ;9807;A
9825;Fraude de lei sobre estrangeiros;9807;A
9826;Petrechos de Falsificação de Papéis Públicos;9807;A
9827;Adulteração de Sinal Identificador de Veículo Automotor;9807;A
9828;Praticados por Funcionários Públicos Contra a Administração em Geral;9634;A
9829;Peculato (art. 312, caput e § 1º);9828;A
9830;Peculato mediante erro de outrem (art. 313);9828;A
9831;Extravio, sonegação ou inutilização de livro ou documento (art. 314);9828;A
9832;Emprego irregular de verbas ou rendas públicas (art. 315);9828;A
9833;Concussão (art. 316, caput);9828;A
9834;Excesso de exação (art. 316, §§ 1º e 2º);9828;A
9835;Corrupção passiva (art. 317);9828;A
9836;Facilitação de contrabando ou descaminho (art. 318);9828;A
9837;Prevaricação;9828;A
9838;Condescendência criminosa (art. 320);9828;A
9839;Advocacia administrativa (art. 321);9828;A
9840;Violência arbitrária (art. 322);9828;A
9841;Abandono de função (art. 323);9828;A
9842;Exercício funcional ilegalmente antecipado ou prolongado (art. 324);9828;A
9843;Violação do sigilo funcional (art. 325);9828;A
9844;Violação do sigilo de proposta de concorrência (art. 326);9828;A
9845;Inserção de dados falsos em sistema de informações (art. 313-A);9828;A
9846;Modificação ou alteração não autorizada de sistema de informações (art. 313-B);9828;A
9847;Previstos na Legislação Extravagante;9634;A
9848;Contra a Propriedade Industrial;9847;A
9849;Contra Patente de Invenção;9848;A
9850;Contra os Desenhos Industriais;9848;A
9851;Contra as Marcas;9848;A
9852;Cometidos por Meio de Marca, Título de Estabelecimento e Sinal de Propaganda ;9848;A
9853;Contra Indicações Geográficas e Demais Indicações;9848;A
9854;De Concorrência Desleal;9848;A
9855;de Responsabilidade;9847;A
9856;Contra a Economia Popular;9847;A
9857;De Abuso de Autoridade (Lei 4.898/1965);9847;A
9858;De Tráfico Ilícito e Uso Indevido de Drogas;9847;A
9859;Tráfico de Drogas e Condutas Afins;9858;A
9860;Posse de Drogas para Consumo Pessoal;9858;A
9861;Fabricação de Objeto Destinado a Produção de Drogas e Condutas Afins ;9858;A
9862;Indução, Instigação ou Auxílio ao Uso de Drogas;9858;A
9863;Oferecimento de Drogas para Consumo Conjunto;9858;A
9864;Associação para a Produção e Tráfico e Condutas Afins;9858;A
9865;Financiamento ou Custeio de Produção ou Tráfico de Drogas;9858;A
9866;Colaboração com Grupo, Organização ou Associação Destinados à Produção ou Tráfico de Drogas ;9858;A
9867;Prescrição Culposa de Drogas;9858;A
9868;Condução de Embarcação ou Aeronave sob Efeito de Drogas;9858;A
9869;Responsabilidade Criminal por Danos Nucleares;9847;A
9870;Contra o Serviço Postal e o Serviço de Telegrama;9847;A
9871;Contra a Segurança Nacional, a Ordem Política e Social;9847;A
9872;Contra o Sistema Financeiro Nacional;9847;A
9874;Contra a Ordem Tributária;9847;A
9875;Contra a Ordem Econômica;9847;A
9876;Contra as Relações de Consumo;9847;A
9877;Representação caluniosa;9847;A
9878;Contra o Meio Ambiente;9847;A
9879;Contra a Fauna;9878;A
9880;Contra a Flora;9878;A
9881;Da Poluição;9878;A
9882;Agrotóxicos (Lei 7.802/89);9878;A
9883;Atividades Nucleares (Lei 6.453/77);9878;A
9884;Caça (Lei nº 5.197/67);9878;A
9886;Genética (Lei nº 8.974/95);9878;A
9887;Pesca (Lei nº 5.197/67, Lei nº 7.643/87, Lei 7.679/88, DL 221/67);9878;A
9888;"De &quot;Lavagem&quot; ou Ocultação de Bens, Direitos ou Valores";9847;A
9889;Contra as Telecomunicações;9847;A
9890;Previstos na Lei de Estrangeiros;9847;A
9891;De Tortura;9847;A
9892;De Trânsito;9847;A
9893;Do Sistema Nacional de Armas;9847;A
9894;De Imprensa;9847;A
9895;Estatuto da criança e do adolescente;9847;A
9896;Contra o Mercado de Capitais;9847;A
9897;De genocídio;9847;A
9898;Sigilo Telefônico;9847;A
9899;Da Lei de licitações;9847;A
9900;Da Lei de remoção de órgãos e tecidos;9847;A
9901;Praticados contra os índios e a cultura indígena;9847;A
9903;Recusa, retardamento ou omissão de dados técnicos indispensáveis à propositura de Ação Civil Pública;9847;A
9904;Agrários;9847;A
9905;Relacionados à Comissão Parlamentar de Inquérito;9847;A
9906;Eleitorais;9847;A
9907;De Quebra de Sigilo Financeiro;9847;A
9908;Do Código Brasileiro de Telecomunicações;9847;A
9909;Estatuto do Idoso;9847;A
9910;Parcelamento do solo urbano;9847;A
9911;Falimentares;9847;A
9912;Militares;9847;A
9913;Contra a Administração da Justiça - Lei da Ação de Alimentos ;9847;A
9914;Contravenções Penais;9634;A
9915;Análogo a Crime Tentado;9634;A
9916;Análogo a Crime Culposo;9634;A
9917;Praticados por Particular Contra a Administração em Geral;9634;A
9918;Usurpação de função pública (art. 328);9917;A
9919;Resistência (art. 329);9917;A
9920;Tráfico de influência (art. 332);9917;A
9921;Corrupção ativa (art. 333);9917;A
9922;Impedimento, perturbação ou fraude de concorrência (art. 335);9917;A
9923;Inutilização de edital ou de sinal (art. 336);9917;A
9924;Subtração ou inutilização de livro ou documento (art. 337, caput);9917;A
9925;Desobediência (art. 330);9917;A
9926;Desacato (art. 331);9917;A
9927;Contrabando ou descaminho (art. 334);9917;A
9928;Sonegação de contribuição previdenciária (art. 337-A e Lei 8.212/91);9917;A
9929;Praticados por Particular Contra a Administração Pública Estrangeira;9634;A
9930;Corrupção Ativa em Transação Comercial Internacional;9929;A
9931;Tráfico de Influência em Transação Comercial Internacional;9929;A
9932;Contra a Administração da Justiça;9634;A
9933;Reingresso de estrangeiro expulso;9932;A
9934;Denunciação caluniosa;9932;A
9935;Comunicação falsa de crime ou de contravenção;9932;A
9936;Auto-acusação falsa;9932;A
9937;Falso testemunho ou falsa perícia;9932;A
9938;Coação no curso do processo;9932;A
9939;Exercício arbitrário das próprias razões;9932;A
9940;Fraude processual;9932;A
9941;Favorecimento pessoal;9932;A
9942;Favorecimento real;9932;A
9943;Exercício arbitrário ou abuso de poder;9932;A
9944;Fuga de pessoa presa ou submetida a medida de segurança;9932;A
9945;Evasão mediante violência contra a pessoa;9932;A
9946;Arrebatamento de preso;9932;A
9947;Motim de presos;9932;A
9948;Patrocínio infiel;9932;A
9949;Patrocínio simultâneo ou tergiversação;9932;A
9950;Sonegação de papel ou objeto de valor probatório;9932;A
9951;Exploração de prestígio;9932;A
9952;Violência ou fraude em arrematação judicial;9932;A
9953;Desobediência a decisão judicial sobre perda ou suspensão de direitos;9932;A
9955;Contra as Finanças Públicas;9634;A
9956;Contratação de Operação de Crédito;9955;A
9957;Inscrição de Despesas Não Empenhadas;9955;A
9958;Assunção de Obrigação no Último Ano do Mandato ou Legislatura;9955;A
9959;Ordenação de Despesa Não Autorizada;9955;A
9960;Prestação de Garantia Graciosa;9955;A
9961;Não Cancelamento de Restos a Pagar;9955;A
9962;Aumento de Despesa com Pessoal no Último Ano do Mandato ou Legislatura;9955;A
9963;Oferta Pública ou Colocação de Títulos no Mercado;9955;A
9964;Seção Cível;9633;A
9965;Abandono Material;9964;A
9966;Abandono Intelectual;9964;A
9967;Maus Tratos;9964;A
9968;Abuso Sexual;9964;A
9969;Exploração do Trabalho Infantil;9964;A
9970;Pobreza;9964;A
9971;Uso ou Tráfico de Drogas;9964;A
9972;Adoção Internacional;9964;A
9973;Adoção Nacional;9964;A
9974;Adoção de Criança;9964;A
9975;Adoção de Adolescente;9964;A
9977;Entrada e Permanência de Menores;9964;A
9978;Viagem ao Exterior;9964;A
9979;Trabalho do adolescente;9964;A
9981;Pessoas Jurídicas;899;A
9984;Em comum / De fato;9617;A
9985;DIREITO ADMINISTRATIVO E OUTRAS MATÉRIAS DE DIREITO PÚBLICO;0;A
9986;Garantias Constitucionais;9985;A
9988;Anistia Política;9986;A
9989;Direitos Indígenas;9986;A
9990;Intervenção em Estado / Município;9986;A
9991;Responsabilidade da Administração;9985;A
9992;Indenização por Dano Moral;9991;A
9994; Dano Ambiental;10110;A
9995;Serviços de Saúde;9992;A
9996;Acidente de Trânsito;9992;A
9997;Atos Administrativos;9985;A
9998;Licenças;9997;A
9999;Declaração de Bagagem;9998;A
10000;Declaração de Trânsito Aduaneiro;9998;A
10001;Comercialização sem Restrições de Produtos Industrializados;9998;A
10002;Comercialização sem Restrições de Gêneros Alimentícios;9998;A
10003;Comercialização e/ou Utilização sem Restrições de Medicamentos;9998;A
10004;Funcionamento de Comércio de Derivados de Petróleo;9998;A
10005;Registro de Empresa;9998;A
10006;Funcionamento de Estabelecimentos Empresariais;9998;A
10007;Registro / Porte de arma de fogo;9998;A
10008;Registro de Aeronave;9998;A
10009;Inquérito / Processo / Recurso Administrativo;9997;A
10010;Ato Lesivo ao Patrimônio Artístico, Estético, Histórico ou Turístico;9997;A
10011;Improbidade Administrativa;9997;A
10012;Dano ao Erário;10011;A
10013;Enriquecimento ilícito;10011;A
10014;Violação dos Princípios Administrativos;10011;A
10015;Fiscalização;9997;A
10016;Inspeção Fitossanitária;10015;A
10017;Exportação/Vedações;10015;A
10018;Inspeção Sanitária de Origem Animal;10015;A
10019;Segurança e Medicina do Trabalho;10015;A
10020;Registro de Trabalho Portuário/Órgão de Gestão de Mão-de-Obra;9997;A
10021;Registro de Marcas, Patentes ou Invenções;9997;A
10022;Infração Administrativa;9997;A
10023;Multas e demais Sanções;10022;A
10024;Interdição;10022;A
10025;Apreensão;10022;A
10026;Registro de Direito Autoral;9997;A
10027;Registro de Programa de Computador;9997;A
10028;Serviços;9985;A
10072;Sistema Nacional do Desporto;10028;A
10073;Concessão / Permissão / Autorização;10028;A
10074;Fornecimento de Gás;10073;A
10075;Energia Elétrica;10073;A
10076;Transporte Terrestre;10073;A
10077;Transporte Aéreo - Aeroporto;10073;A
10078;Radiodifusão;10073;A
10079;Loterias/Sorteio;9998;A
10080;Telefonia;10073;A
10081;Transporte Aquaviário;10073;A
10082;Serviço Postal;10073;A
10083;Tabelionatos, Registros, Cartórios;10073;A
10084;Jogos de Bingo e/ou Caça-níqueis;9998;A
10085;Água e/ou Esgoto;10073;A
10086;Recolhimento e Tratamento de Lixo;10073;A
10087;Defensoria Pública;10028;A
10088;Domínio Público;9985;A
10089;Bens Públicos;10088;A
10090;Locação / Permissão / Concessão / Autorização / Cessão de Uso;10089;A
10091;Terreno de Marinha;10089;A
10092;Taxa de Ocupação;10089;A
10093;Foro / Laudêmio;10089;A
10094;Terras Devolutas;10089;A
10095;Águas Públicas;10089;A
10096;Bloqueio de Valores de Contas Públicas;10089;A
10097;Imóvel Funcional;10088;A
10098;Alienação;10097;A
10099;Ocupação;10097;A
10100;Reintegração de Posse;10097;A
10101;Taxa de Ocupação;10097;A
10102;Terras Indígenas;10088;A
10103;Terreno Aldeado;10102;A
10104;Restituição de área - FUNAI;10102;A
10105;Demarcação;10102;A
10106;Recursos Minerais;10088;A
10107;Espaço Aéreo;10088;A
10108;Patrimônio Histórico / Tombamento;10088;A
10109;Ordenação da Cidade / Plano Diretor;10088;A
10110;DIREITO AMBIENTAL;0;A
10111;Revogação/Concessão de Licença Ambiental;10110;A
10112;Revogação/Anulação de multa ambiental;10110;A
10113;Flora;10110;A
10114;Fauna;10110;A
10115;Transgênicos;10110;A
10116;Agrotóxicos;10110;A
10118;Unidade de Conservação da Natureza;10110;A
10119;Gestão de Florestas Públicas;10110;A
10120;Intervenção do Estado na Propriedade;9985;A
10121;Desapropriação;10120;A
10122;Desapropriação por Utilidade Pública / DL 3.365/1941;10120;A
10123;Desapropriação por Interesse Social Comum / L 4.132/1962;10120;A
10124;Desapropriação por Interesse Social para Reforma Agrária;10120;A
10125;Desapropriação Indireta;10120;A
10126;Retrocessão;10120;A
10127;Vistoria;10120;A
10128;Servidão Administrativa;10120;A
10129;Ocupação Temporária;10120;A
10130;Limitação Administrativa;10120;A
10131;Privatização;10088;A
10132;Restituição de área;10120;A
10133;Direito de Preempção;10120;A
10134;Desapropriação de Imóvel Urbano;10120;A
10135;Requisição de Bem Particular;10120;A
10136;Intervenção no Domínio Econômico;9985;A
10137;Política de Preço Mínimo;10136;A
10138;Controle de Preços;10136;A
10139;Controle de Abastecimento;10136;A
10140;Importações;10136;A
10141;Desembaraço Aduaneiro;10140;A
10142;Regime ou Certificado de Origem MERCOSUL;10140;A
10143;Veículo de Turista Comunitário MERCOSUL;10140;A
10144;Incentivo;10136;A
10145;PROAGRO;10144;A
10146;Proteção à Livre Concorrência;10136;A
10147;Venda Casada;10146;A
10148;Preços Predatórios;10146;A
10149;Acordo de Exclusividade;10146;A
10150;Cartel;10146;A
10151;Atos de Concentração;10146;A
10153;Moeda Estrangeira;10136;A
10154;Expurgos Inflacionários / Planos Econômicos;10136;A
10155;Cruzados Novos / Bloqueio;10154;A
10157;Organização Político-administrativa / Administração Pública;9985;A
10158;FGTS/Fundo de Garantia por Tempo de Serviço;10157;A
10159;Atualização de Conta;10158;A
10160;Liberação de Conta;10158;A
10161;Juros Progressivos;10158;A
10162;Localização de Contas;10158;A
10163;PIS/PASEP;10157;A
10164;Atualização de Conta;10163;A
10165;Liberação de Conta;10163;A
10166;Conselhos Regionais de Fiscalização Profissional e Afins;10157;A
10167;Registro Profissional;10166;A
10168;Multas e demais Sanções;10166;A
10169;Questões Funcionais;10166;A
10170;Exame da Ordem OAB;10166;A
10171;Eleições;10166;A
10172;Anuidades OAB;10166;A
10173;Exercício Profissional;10166;A
10174;Instituições Financeiras;10157;A
10175;Liberação de Depósitos de Instituição Liquidanda;10174;A
10176;Normatizações;10174;A
10177;Remuneração de Ativos Retidos;10174;A
10178;Cooperativas de Crédito;10174;A
10179;Liquidação extrajudicial;10174;A
10180;Fundo de Participação dos Municípios;10157;A
10181;Seguro desemprego;10157;A
10182;Dívida Pública Mobiliária;9985;A
10183;Apólices da Dívida Pública;10182;A
10184;Títulos da Dívida Pública;10182;A
10185;Títulos da Dívida Agrária;10182;A
10186;Agentes Políticos;9985;A
10187;Magistratura;10186;A
10188;Remuneração;10187;A
10189;Afastamento;10187;A
10190;Processo Disciplinar / Sindicância;10187;A
10191;Aposentadoria;10187;A
10192;Promoção;10187;A
10193;Remoção;10187;A
10194;Ministério Público;10186;A
10195;Remuneração;10194;A
10196;Afastamento;10194;A
10197;Processo Disciplinar / Sindicância;10194;A
10198;Aposentadoria;10194;A
10199;Promoção;10194;A
10200;Remoção;10194;A
10201;Prefeito;10186;A
10202;Afastamento do Cargo;10201;A
10203;Remuneração;10201;A
10204;Recondução;10201;A
10205;Prestação de Contas;10201;A
10206;Indisponibilidade de Bens;10201;A
10207;Governador;10186;A
10208;Afastamento do Cargo;10207;A
10209;Remuneração;10207;A
10210;Recondução;10207;A
10211;Prestação de Contas;10207;A
10212;Indisponibilidade de Bens;10207;A
10213;Parlamentares;10186;A
10214;Remuneração;10213;A
10215;Afastamento do Cargo;10213;A
10216;Recondução;10213;A
10217;Prestação de Contas;10213;A
10218;Indisponibilidade de Bens;10213;A
10219;Servidor Público Civil;9985;A
10220;Regime Estatutário;10219;A
10221;Isonomia/Equivalência Salarial;10288;A
10222;Estabilidade;10220;A
10223;Enquadramento;10220;A
10224;Recondução;10220;A
10225;Acumulação de Cargos;10220;A
10226;Reintegração ou Readmissão;10220;A
10227;Direito de Greve;10220;A
10228;Transferência;10220;A
10229;Remoção;10220;A
10230;Regime Previdenciário;10220;A
10231;Anistia Administrativa;10220;A
10232;Reversão;10220;A
10233;Redistribuição;10220;A
10234;Disponibilidade / Aproveitamento;10220;A
10235;Lotação;10220;A
10236;Promoção / Ascensão;10220;A
10237;Readaptação;10220;A
10238;Estágio Probatório;10220;A
10239;Nomeação;10220;A
10240;Posse e Exercício;10220;A
10241;Exoneração ou Demissão;10220;A
10243;Complementação de Benefício/Ferroviário;10288;A
10244;Assistência à Saúde;10288;A
10245;Assistência Pré-escolar;10288;A
10246;Auxílio-Natalidade;10288;A
10247;Auxílio-Reclusão;10288;A
10248;Auxílio-Funeral;10288;A
10249;Salário-Família;10288;A
10250;Pensão;10219;A
10251;Provisória;10250;A
10252;Concessão;10250;A
10253;Restabelecimento;10250;A
10254;Aposentadoria;10219;A
10255;Invalidez Permanente;10254;A
10256;Compulsória;10254;A
10257;Voluntária;10254;A
10258;Licenças / Afastamentos;10219;A
10259;Dirigente Sindical;10258;A
10260;Licença Capacitação (Aperfeiçoamento Profissional);10258;A
10261;Licença-Prêmio;10258;A
10262;Doença em Pessoa da Família;10258;A
10263;Tratamento da Própria Saúde;10258;A
10264;Gestante / Adotante / Paternidade;10258;A
10265;Interesse Particular;10258;A
10266;Serviço Militar;10258;A
10267;Atividade Política;10258;A
10268;Casamento;10258;A
10269;Luto;10258;A
10270;Amamentação;10258;A
10271;Doação de Sangue;10258;A
10272;Alistamento / Serviço Eleitoral;10258;A
10273;Acompanhamento de Cônjuge ou Companheiro;10258;A
10274;Exercício em Outro Município;10258;A
10275;Licença por Acidente em Serviço;10258;A
10276;Tempo de Serviço;10219;A
10277;Averbação / Contagem de Tempo Especial;10276;A
10278;Averbação / Contagem Recíproca;10276;A
10279;Processo Administrativo Disciplinar ou Sindicância;10219;A
10280;Demissão ou Exoneração;10279;A
10281;Advertência;10279;A
10282;Suspensão;10279;A
10283;Responsabilidade Civil do Servidor Público / Indenização ao Erário;10279;A
10286;Programa de Desligamento Voluntário (PDV);10219;A
10287;Jornada de Trabalho;10219;A
10288;Sistema Remuneratório e Benefícios;10219;A
10289;Gratificações da Lei 8.112/1990;10288;A
10290;Gratificação de Incentivo;10288;A
10291;Adicional de Insalubridade;10288;A
10292;Adicional de Periculosidade;10288;A
10293;Adicional de Fronteira;10288;A
10294;Abono Pecuniário (Art. 78 Lei 8.112/1990);10288;A
10295;Gratificação Incorporada / Quintos e Décimos / VPNI;10288;A
10296;Descontos Indevidos;10288;A
10297;Teto Salarial;10288;A
10298;Diárias e Outras Indenizações;10288;A
10299;Plano de Classificação de Cargos;10288;A
10300;Data Base;10288;A
10301;Férias;10288;A
10302;Adicional por Tempo de Serviço;10288;A
10303;Adicional de Horas Extras;10288;A
10304;Auxílio-Alimentação;10288;A
10305;Gratificações de Atividade;10288;A
10306;Auxílio-transporte;10288;A
10307;Revisão Geral Anual (Mora do Executivo - inciso X, art. 37, CF 1988);10288;A
10308;Adicional de Serviço Noturno;10288;A
10309;Adicional de Produtividade;10288;A
10310;Gratificação Natalina/13º salário;10288;A
10311;Irredutibilidade de Vencimentos;10288;A
10312;Piso Salarial;10288;A
10313;Reajustes de Remuneração, Proventos ou Pensão;10219;A
10314;Índice da URV fev/1989;10313;A
10315;Índice de 84,32% março/1990;10313;A
10316;Índice de 45% Lei 8.237/1991;10313;A
10317;Índice de 28,86% Lei 8.622/1993 e 8.627/1993;10313;A
10318;Índice da URV Lei 8.880/1994;10313;A
10319;Reajuste da Lei 8.270/1991;10313;A
10320;Índice do IPC junho/1987;10313;A
10321;Índice de 10,87% Lei 10.192/2001;10313;A
10322;Índice de 47,94% Lei 8.676/1993;10313;A
10323;Inclusão de Dependente;10288;A
10324;Militar;9985;A
10325;Regime;10324;A
10326;Ingresso e Concurso;10325;A
10327;Curso de Formação;10325;A
10328;Reintegração;10325;A
10329;Estabilidade;10325;A
10330;Anistia Política;10325;A
10331;Adidos, Agregados e Adjuntos;10325;A
10332;Serviço Militar Obrigatório;10325;A
10333;Ex-combatentes;10325;A
10334;Promoção;10325;A
10335;Serviço Militar dos Profissionais da Saúde;10325;A
10336;Corpo Feminino;10325;A
10337;Sistema Remuneratório e Benefícios;10324;A
10338;Gratificações e Adicionais;10337;A
10339;Férias;10337;A
10340;Indenizações Regulares;10337;A
10341;Isonomia;10337;A
10342;Reajuste de Remuneração, Soldo, Proventos ou Pensão;10324;A
10343;Índice de 28,86% LL 8.622/1993 e 8.627/1993;10342;A
10344;Índice da URV Lei 8.880/1994;10342;A
10345;Índice do IPC  junho/1987;10342;A
10346;Índice de 84,32% IPC março/1990;10342;A
10347;Índice da URP abril e maio/1988 DL 2.425/1988;10342;A
10349;Reforma;10337;A
10350;Licenças;10337;A
10351;Agregação;10337;A
10352;Reserva Remunerada;10337;A
10353;Transferência ex-officio para reserva;10337;A
10354;Tempo de Serviço;10337;A
10355;Transferência para reserva;10337;A
10356;Assistência Médico-Hospitalar;10337;A
10357;Licença Prêmio;10337;A
10358;Licenciamento;10337;A
10359;Pensão;10324;A
10360;Concessão;10359;A
10361;Restabelecimento;10359;A
10362;Provisória;10359;A
10363;Processo Administrativo Disciplinar / Sindicância;10324;A
10364;Advertência / Repreensão;10363;A
10365;Impedimento / Detenção / Prisão;10363;A
10366;Licenciamento / Exclusão;10363;A
10367;Suspensão;10363;A
10370;Concurso Público / Edital;9985;A
10371;Reserva de Vagas para Pessoas com Deficiência;10370;A
10372;Inscrição / Documentação;10370;A
10373;Limite de Idade;10370;A
10374;Exigência de Prática Forense;10370;A
10375;Prova de Títulos;10370;A
10376;Exame de Saúde e/ou Aptidão Física;10370;A
10377;Curso de Formação;10370;A
10378;Exame Psicotécnico / Psiquiátrico;10370;A
10379;Anulação e Correção de Provas / Questões;10370;A
10380;Escolaridade;10370;A
10381;Classificação e/ou Preterição;10370;A
10382;Anulação;10370;A
10383;Prazo de Validade;10370;A
10384;Condições Especiais para Prestação de Prova;10370;A
10385;Licitações ;9985;A
10386;Modalidade / Limite;10385;A
10387;Habilitação / Registro Cadastral / Julgamento / Homologação;10385;A
10388;Edital;10385;A
10389;Revogação;10385;A
10390;Sanções Administrativas;10385;A
10391;Recursos Administrativos;10385;A
10392;Convênio;10385;A
10393;Adjudicação;10385;A
10394;Dívida Ativa não-tributária;9985;A
10395;Multas e demais Sanções;10394;A
10396;Ambiental;10395;A
10397;Sanitárias;10395;A
10398;Metrológica;10395;A
10399;Profissional;10395;A
10400;Segurança e/ou Medicina do Trabalho;10395;A
10401;Taxa de Ocupação / Laudêmio / Foro;10394;A
10402;Cessão de créditos não-tributários;10394;A
10403;Organização Sindical;9985;A
10404;Contribuição Sindical;10403;A
10405;Eleições Sindicais;10403;A
10406;Registro Sindical;10403;A
10407;Dilação e Extensão de Base Territorial;10403;A
10408;Filiação;10403;A
10409;Empregado Público / Temporário;9985;A
10410;Contrato Temporário de Mão de Obra L 8.745/1993;10409;A
10411;Admissão / Permanência / Despedida;10409;A
10412;Comissão Parlamentar de Inquérito - CPI;9985;A
10413;Quebra de Sigilo Bancário / Fiscal / Telefônico;10412;A
10414;Criação / Instalação / Prosseguimento / Encerramento;10412;A
10415;Limites dos Poderes de Investigação;10412;A
10416;Limites do Objeto;10412;A
10417;Sistema Nacional de Trânsito;9985;A
10418;CNH - Carteira Nacional de Habilitação;10417;A
10419;Liberação de Veículo Apreendido;10417;A
10420;Licenciamento de Veículo;10417;A
10421;Contratos Administrativos;9985;A
10422;Pagamento Atrasado / Correção Monetária;10421;A
10423;Anulação;10421;A
10424;Suspensão;10421;A
10425;Rescisão;10421;A
10426;Prorrogação;10421;A
10427;Termo Aditivo;10421;A
10428;Penalidades;10421;A
10429;Execução Contratual;10421;A
10430;Equilíbrio Financeiro;10421;A
10431;Responsabilidade Civil;899;A
10432;Coisas;899;A
10433;Indenização por Dano Moral;10431;A
10434;Serviços de Saúde;10433;A
10435;Acidente de Trânsito;10433;A
10436;Lei de Imprensa;10433;A
10437;Direito de Imagem;10433;A
10439;Indenização por Dano Material;10431;A
10440;Serviços de Saúde;10439;A
10441;Acidente de Trânsito;10439;A
10442;Lei de Imprensa;10439;A
10443;Direito de Imagem;10439;A
10444;Posse;10432;A
10445;Esbulho / Turbação / Ameaça;10444;A
10446;Imissão;10444;A
10447;Aquisição;10444;A
10448;Propriedade;10432;A
10449;Perda da Propriedade;10448;A
10450;Adjudicação Compulsória;10448;A
10451;Divisão e Demarcação;10448;A
10452;Reivindicação;10448;A
10453;Retificação de Área de Imóvel;10448;A
10454;Alienação Judicial;10448;A
10455;Aquisição;10448;A
10456;Acessão;10455;A
10457;Usucapião Especial (Constitucional);10455;A
10458;Usucapião Extraordinária;10455;A
10459;Usucapião Ordinária;10455;A
10460;Usucapião Especial Coletiva;10455;A
10461;Direito de Vizinhança;10448;A
10462;Condomínio;10448;A
10463;Condomínio em Edifício;10448;A
10464;Administração;10463;A
10465;Alteração de Coisa Comum;10463;A
10466;Assembléia;10463;A
10467;Despesas Condominiais;10463;A
10468;Direitos / Deveres do Condômino;10463;A
10469;Vaga de garagem;10463;A
10470;Incorporação Imobiliária;10448;A
10480;Propriedade Resolúvel;10448;A
10481;Propriedade Fiduciária;10448;A
10482;Enfiteuse;10432;A
10483;Servidão;10432;A
10484;Usufruto;10432;A
10485;Superfície;10432;A
10486;Uso;10432;A
10487;Habitação;10432;A
10488;Penhor;10432;A
10489;Rural - Agrícola/Pecuário;10488;A
10490;Industrial / Mercantil;10488;A
10491;Direitos e Títulos de Crédito;10488;A
10492;Veículos;10488;A
10493;Legal;10488;A
10494;Hipoteca;10432;A
10495;Anticrese;10432;A
10496;Promessa de Compra e Venda;10432;A
10497;Subsídios;10288;A
10499;Programa de Computador;4654;A
10500;Usucapião da L 6.969/1981;10455;A
10501;Crédito Rural;9580;A
10502;Indenização por Dano Material;9991;A
10503;Serviços de Saúde;10502;A
10504;Acidente de Trânsito;10502;A
10505;Variação Cambial;10502;A
10508;Maus Tratos;3388;A
10509;Exposição ou Abandono de Recém Nascido;3388;A
10512;Responsabilidade Civil do Militar - Indenização ao Erário;10363;A
10514;Utilização de Embrião Humano em Desacordo com a Legislação - Biossegurança;3618;A
10515;Prática de engenharia genética em célula germinal, zigoto ou embrião humanos - Biossegurança;3618;A
10516;Clonagem Humana - Biossegurança;3618;A
10523;Despenalização / Descriminalização;5885;A
10527;Livros / Jornais / Periódicos;5914;A
10528;Entidades Sem Fins Lucrativos;5914;A
10529;Partidos Políticos;5914;A
10530;Imunidade Recíproca;5914;A
10531;ICMS / Incidência Sobre o Ativo Fixo;5946;A
10532;Incidência sobre Auxílio-condução;5917;A
10533;Incidência sobre Auxílio-creche;5917;A
10534;Taxa de Limpeza Pública;5972;A
10535;Taxa de Iluminação Pública;5972;A
10536;Taxa de Coleta de Lixo;5972;A
10537;Taxa de Prevenção e Combate a Incêndio;5972;A
10538;Taxa de Licenciamento de Estabelecimento;5972;A
10539;Capacidade Tributária;5978;A
10540;Competência Tributária;5913;A
10543;Depósito Judicial;5987;A
10544;Constitucionalidade do artigo 4º da LC 118/05;5992;A
10545;Constitucionalidade do artigo 46 da Lei 8212/91;5992;A
10546;Suspensão;5992;A
10547;Interrupção;5992;A
10548;Decretação de Ofício;5992;A
10549;Arquivamento Administrativo - Crédito de Pequeno Valor;10546;A
10550;Despacho de Citação;10547;A
10551;Constitucionalidade do artigo 45 da Lei 8212/91;5993;A
10556;Exclusão - ICMS;6008;A
10557;Exclusão - IPI;6008;A
10558;Exclusão - Receitas Provenientes de Exportação;6008;A
10559;"Cálculo de ICMS &quot;por dentro&quot;";6008;A
10560;Quebra de Sigilo Bancário;6021;A
10561;PIS - Importação;6033;A
10562;COFINS - Importação;6033;A
10563;Compensação de Prejuízo;6036;A
10565;Contribuição Sindical Rural;6044;A
10567;Aposentadoria por Invalidez Acidentária;6094;A
10572;Termo de Adesão da LC 110/2001;10159;A
10573;Prisão Civil;9148;A
10577;Relações de Parentesco;5626;A
10582;Rescisão / Resolução;7691;A
10585;Capitalização / Anatocismo;7699;A
10586;Limitação de Juros;7699;A
10587;Proteção da Intimidade e Sigilo de Dados;9986;A
10588;Vícios de Construção;4839;A
10589;Juros Compensatórios;10120;A
10590;Resgate de Contribuição;4805;A
10591;Inclusão de Dependente;10337;A
10592;Desconto em folha de pagamento;7690;A
10593;Remuneração Mínima;10337;A
10595;Multa;10463;A
10596;Auxílio-invalidez;10337;A
10598;Cobrança indevida de ligações ;7617;A
10599;Quesitos;4264;A
10600;Impedimento;4264;A
10601;Suspeição;4264;A
10602;Condicional do processo;4271;A
10603;Parcelamento de crédito tributário;4271;A
10604;Investigação Penal;1209;A
10605;Competência do MP;10604;A
10606;Cerceamento de Defesa;10604;A
10607;Quebra do Sigilo Bancário;10604;A
10608;Quebra do Sigilo Fiscal;10604;A
10609;Quebra do Sigilo Telefônico;10604;A
10610;Trancamento;10604;A
10612;Tipicidade;10620;A
10613;Excludentes;10620;A
10614;Abolitio Criminis;10612;A
10615;Princípio da Insignificância;10612;A
10616;Legítima Defesa;10613;A
10617;Estado de Necessidade;10613;A
10618;Estrito Cumprimento do Dever Legal;10613;A
10619;Inexigibilidade de Conduta Diversa;10613;A
10620;Parte Geral;287;A
10621;Aplicação da Pena;10620;A
10622;Extinção da Punibilidade;10620;A
10623;Prescrição;10622;A
10624;Perdão;10622;A
10625;Anistia;10622;A
10626;Indulto;10622;A
10627;Pagamento ou Parcelamento do Crédito Tributário;10622;A
10628;Substituição da Pena;10621;A
10630;Transação;4263;A
10631;Desaforamento;4291;A
10632;Prisão Temporária;1209;A
10633;Regime inicial;10621;A
10634;Suspensão condicional da pena;10620;A
10635;Progressão de Regime;7791;A
10636;Livramento condicional;7791;A
10637;Remição;7791;A
10638;Acumulação de Proventos;10288;A
10640;Prisão Decorrente de Sentença Condenatória;4263;A
10641;Penas do Código Penal Militar;7942;A
10642;Efeitos da Condenação;10620;A
10643;Perda da Função Pública;10642;A
10644;Perda de Bens e Valores;10642;A
10645;Controle de Constitucionalidade;9985;A
10646;Inconstitucionalidade Material;10645;A
10647;Processo Legislativo;10645;A
10651;Competência dos Juizados Especiais;8829;A
10652;Competência da Justiça do Trabalho;8829;A
10653;Competência da Justiça Federal;8829;A
10654;Competência da Justiça Estadual;8829;A
10655;Honorários Advocatícios;8874;A
10656;Honorários Advocatícios em Execução Contra a Fazenda Pública;8874;A
10657;Honorários Advocatícios em FGTS ;8874;A
10658;Custas;8874;A
10659;Suspeição;8884;A
10660;Impedimento;8884;A
10661;Incidência sobre Abono de Permanência;5917;A
10662;Abono de Permanência;10288;A
10666;Regularidade Formal;9045;A
10667;Gratificações Estaduais Específicas;10288;A
10668;Fac-símile;9060;A
10669;Protocolo Integrado / Descentralizado;9060;A
10670;Obrigação de Entregar;9148;A
10671;Obrigação de Fazer / Não Fazer;9148;A
10672;Precatório;9148;A
10673;Requisição de Pequeno Valor - RPV;9148;A
10675;Quinto Constitucional;10187;A
10676;Imissão na Posse;10670;A
10677;Busca e Apreensão;10670;A
10678;Sequestro de Verbas Públicas;10672;A
10679;Fracionamento;10672;A
10680;Crédito Complementar;10672;A
10681;Aposentadoria / Pensão Especial;10213;A
10683;Fato Superveniente ao Término do Prazo para Impugnação;9148;A
10684;Juros;9149;A
10685;Correção Monetária;9149;A
10686;Multa Cominatória / Astreintes;9148;A
10687;Taxa SELIC;9149;A
10688;Medidas Socioeducativas;9633;A
10689;Correção da Tabela;5917;A
10690;IPMF - Imposto Provisório sobre Movimentação Financeira;5916;A
10691;Questão Prejudicial;4271;A
10692;Tribunal de Contas;10157;A
10693;Cargo em Comissão;10239;A
10695;Categorias Especiais de Servidor Público;10219;A
10696;Professor;10695;A
10697;Procuradores de Órgãos / Entidades Públicos;10695;A
10698;Serventuários da Justiça;10695;A
10699;Extensão de Vantagem aos Inativos;10221;A
10700;Contagem em Dobro;10261;A
10701;Pagamento em Pecúnia;10261;A
10702;Índice de 3,17%;10318;A
10703;Índice de 11,98%;10318;A
10705;Subteto Salarial;10288;A
10706;Gratificações Municipais Específicas;10288;A
10707;Gratificação de Encargos Especiais - GEE;10667;A
10708;Gratificação de Estímulo à Produção Individual - GEPI;10667;A
10709;Gratificação Estadual - AM;10667;A
10710;Adicional de Etapa Alimentar;10667;A
10711;Gratificação de Suporte às Atividades Escolares - GSAE;10667;A
10712;Gratificação por Trabalho Educacional - GTE;10667;A
10713;Gratificação de Suporte Administrativo - GASA;10667;A
10714;Gratificação-Prêmio;10667;A
10715;Gratificação Complementar de Vencimento;10667;A
10718;Gratificações Por Atividades Específicas;10288;A
10719;Gratificação de Desempenho de Atividade Técnico Administrativa - GDATA;10718;A
10720;Gratificação de Desempenho de Atividade Tributária - GDAT;10718;A
10721;Gratificação de Desempenho de Atividade de Fiscalização Agropecuária - GDAFA;10718;A
10722;Gratificação de Desempenho de Atividade Jurídica - GDAJ;10718;A
10723;Gratificação de Atividade - GATA;10718;A
10724;Gratificação de Incentivo à Docência - GID;10718;A
10725;Gratificação de Produção Suplementar - GPS;10718;A
10726;Gratificação Eleitoral;10718;A
10727;Gratificação de Inatividade;10718;A
10728;Gratificação Extraordinária - GE;10718;A
10729;Gratificação de Desempenho de Função - GADF;10718;A
10730;Adicional de Desempenho;10288;A
10731;Adicional de Sexta-Parte;10288;A
10732;Verba de Representação;10214;A
10733;Extensão de Vantagem aos Inativos;10341;A
10734;Nulidade - Não Observância da Reserva de Plenário;8919;A
10735;Ausência de Interesse Processual;8942;A
10736;Legitimidade para a Causa;8942;A
10737;Ausência de Pressupostos de Constituição e Desenvolvimento ;8942;A
10738;Sobrestamento;9045;A
10739;DIREITO ELEITORAL E PROCESSO ELEITORAL DO STF;0;A
10740;Partido Político;10739;A
10741;Criação do Partido Político;10740;A
10743;Registro do Partido Político;10740;A
10744;Extinção do Partido Político;10740;A
10745;Filiação partidária;10740;A
10746;Convenção para escolha de candidatos;10740;A
10747;Inscrição fraudulenta ;3654;A
10748;Calúnia;3654;A
10749;Difamação;3654;A
10750;Injúria;3654;A
10751;Captação ilícita de votos ou corrupção eleitoral;3654;A
10752;Aliciamento eleitoral;3654;A
10753;Falso eleitoral;3654;A
10754;Desobediência à determinações da Justiça Eleitoral;3654;A
10755;Boca de urna;3654;A
10756;Indução à inscrição indevida;3654;A
10757;Fidelidade partidária;10740;A
10760;Plebiscito;10739;A
10762;Referendo popular;10739;A
10763;Eleição;10739;A
10764;Sistema Majoritário / Proporcional;10763;A
10765;Número de vagas;10763;A
10766;Eleitor;10763;A
10767;Registro da candidatura;10763;A
10768;Campanha Eleitoral;10763;A
10769;Pleito;10763;A
10770;Diplomação;10763;A
10771;fixação;10765;A
10772;aumento;10765;A
10773;redução;10765;A
10774;Alistamento;10766;A
10775;Domicílio eleitoral;10766;A
10776;Isenção do dever eleitoral;10766;A
10777;Justificação de ausência de voto;10766;A
10778;Cancelamento da inscrição de eleitor;10774;A
10779;Desincompatibilização do candidato;10767;A
10780;Inelegibilidade;10767;A
10781;Reeleição;10767;A
10782;Cassação do registro da candidatura;10767;A
10783;Anistia;10767;A
10784;Propaganda eleitoral;10768;A
10785;Direito de resposta;10768;A
10786;Prestação de contas;10768;A
10787;Pesquisa eleitoral;10768;A
10788;Abuso do poder econômico;10768;A
10789;Abuso do poder político (uso indevido dos meios de comunicação);10768;A
10790;Uso de bem público;10768;A
10791;Sistema eletrônico de votação;10769;A
10792;Sigilo na votação;10769;A
10793;Apuração/recontagem de votos;10769;A
10794;Nulidade da votação;10769;A
10795;Quociente eleitoral;10769;A
10796;Transporte em dia de eleição;10769;A
10797;Boca de urna;10769;A
10798;Cassação do diploma;10770;A
10799;Sustação da diplomação;10770;A
10800;Mandato;10739;A
10801;Prestação de contas;10800;A
10802;Declaração de inelegibilidade;10800;A
10803;Impugnação de mandato eletivo;10800;A
10804;Perda do mandato;10800;A
10805;Recondução;10800;A
10806;Suspensão de mandato;10800;A
10807;Convocação de suplente;10800;A
10808;Renúncia;10800;A
10809;Extinção do mandato;10800;A
10810;Afastamento do cargo;10800;A
10811;Cassação de mandato;10800;A
10812;Por cumulação de cargos;10809;A
10813;Por condenação criminal;10809;A
10814;Por suspensão dos direitos políticos;10809;A
10815;Desordem eleitoral;3654;A
10816;Falsificação de documento público para fins eleitorais;3654;A
10817;Uso de documento falso;3654;A
10818;Obtenção de documento falso;3654;A
10819;Aliciamento de eleitores;3654;A
10820;Divulgação de pesquisa de fraudulenta;3654;A
10821;Impedimento à fiscalização das pesquisas;3654;A
10822;Publicação de pesquisa irregular;3654;A
10823;Uso de símbolos governamentais em propaganda eleitoral;3654;A
10824;Coação eleitoral;3654;A
10825;Aliciamento violento de eleitores;3654;A
10826;Aliciamento comercial de eleitores;3654;A
10827;Ocultação de urna;3654;A
10854;Auditores Fiscais;10695;A
10855;Comissão de Permanência;7691;A
10857;Gratificação de Desempenho de Atividade de Seguridade Social e do Trabalho - GDASST;10718;A
10858;Gratificação de Desempenho de Atividade de Ciência e Tecnologia - GDACT;10718;A
10859;Alimentos;10573;A
10860;Depositário Infiel;10573;A
10861;Alienação Fiduciária;10573;A
10862;Proibição de Privilégio Fiscal às Empresas Públicas e Sociedades de Economia Mista;10146;A
10863;Ausência de Legitimidade para propositura de Ação Civil Pública;10736;A
10865;Cerceamento de Defesa;4264;A
10866;Ausência de Publicidade;4264;A
10867;Ausência de Fundamentação;4264;A
10868;Criação / Extinção / Reestruturação de Orgãos ou Cargos Públicos;10157;A
10869;Parcela Incontroversa;10672;A
10870;Cancelamento / Duplicidade de CPF;9992;A
10871;Não Cumulatividade;5945;A
10872;Nao Cumulatividade;5946;A
10873;Não Cumulatividade;6035;A
10874;Não Cumulatividade;6039;A
10875;Base de Cálculo;10291;A
10877;Policiais Civis;10695;A
10878;Especial;10254;A
10879;Limite de Renda Familiar;6160;A
10880;Cumprimento Provisório de Sentença;9148;A
10881;Nepotismo;10220;A
10883;Fruição / Gozo;10301;A
10884;Indenização / Terço Constitucional;10301;A
10885;Liquidação Parcelada;10672;A
10886;Nulidade do Decreto que autoriza a desapropriação;10120;A
10887;Ausência de Cobrança Administrativa Prévia;6017;A
10888;Inscrição Indevida no CADIN;9992;A
10889;Efeitos da Declaração de Inconstitucionalidade;10645;A
10890;Vício Formal do Julgamento;4264;A
10891;Habeas Corpus - Cabimento;11703;A
10893;Base de Cálculo;10302;A
10894;Abuso de Poder;9997;A
10897;Competência dos Juizados Especiais;4291;A
10898;Competência da Justiça Federal;4291;A
10899;Competência da Justiça Estadual;4291;A
10900;Competência por Prerrogativa de Função;4291;A
10901;Competência por Prerrogativa de Função;8829;A
10902;Excesso de prazo para instrução / julgamento;4263;A
10903;Incidência sobre desconto incondicional;5945;A
10904;Prisão Domiciliar / Especial;1209;A
10905;Passe livre em transporte;10073;A
10906;Regressão de Regime;7791;A
10907;Transferência de Preso;7791;A
10908;Execução Penal Provisória - Cabimento;7942;A
10909;Imunidade em razão de função, ofício ou profissão;4291;A
10910;Transferência de Unidade;10325;A
10912;Medidas Assecuratórias;1209;A
10913;Indisponibilidade / Seqüestro de Bens;10912;A
10914;Busca e Apreensão de Bens;10912;A
10915;Aborto;3369;A
10917;Aborto provocado pela gestante ou com o seu consentimento;10915;A
10918;Aborto provocado por terceiro;10915;A
10919;Aborto qualificado;10915;A
10921;Restituição de Criança, Convenção de Haia 1980;6203;A
10922;Cobrança de Multa Moratória de Massa Falida;6017;A
10923;Cobrança de Juros Moratórios de Massa Falida;6017;A
10924;Depósito Elisivo;4993;A
10925;Provas;4263;A
10926;Prova Ilícita;10925;A
10928;Competência do Órgão Fiscalizador;10015;A
10930;Município;10157;A
10931;Criação;10930;A
10932;Desmembramento;10930;A
10935;Desclassificação;4368;A
10936;Guarda com genitor ou responsável no exterior;10577;A
10938;Citação;8893;A
10939;Intimação / Notificação;8893;A
10940;Depoimento;8990;A
10941;Viagem Nacional;9964;A
10945;Expurgos Inflacionários / Planos Econômicos;7752;A
10946;Correção Monetária de Diferenças Pagas em Atraso;10313;A
10947;Princípio da Seletividade;5945;A
10948;Violência Doméstica Contra a Mulher;5626;A
10949;Violência Doméstica Contra a Mulher;287;A
10950;Crime / Contravenção contra Criança / Adolescente;287;A
10951;Crime / Contravenção contra Idoso;287;A
10952;Fato Atípico;287;A
10954;Orçamento;9985;A
10955;Criação de Dotação Orçamentária;10954;A
10956;Repasse de Duodécimos;10954;A
10957;Repasse de Verbas Públicas;10954;A
10958;Crédito Suplementar;10954;A
10959;Exclusão - Receitas Transferidas a outras Pessoas Jurídicas;6008;A
10982;"""Lavagem"" ou Ocultação de Bens, Direitos ou Valores Oriundos de Corrupção";3547;A
10983;"""Lavagem"" ou Ocultação de Bens, Direitos ou Valores Oriundos de Corrupção";5872;A
10984;"""Lavagem"" ou Ocultação de Bens, Direitos ou Valores Oriundos de Corrupção";5873;A
10985;Crimes contra a Ordem Tributária praticado por Funcionário Público;3603;A
10986;Crime contra a administração ambiental;3618;A
10987;Tráfico Ilícito de Drogas praticado por Funcionário Público;3607;A
10990;Má-gestão praticada por Prefeitos e Vereadores;5875;A
10991;Corrupção Praticada por Prefeitos e Vereadores;5875;A
10992;Adulteração de Sinal Identificador de Veículo Automotor por Funcionário Público;3523;A
10993;Petrechos de Falsificação de Papéis Públicos por Funcionário Público;3523;A
10994;Petrechos para falsificação de moeda por Funcionário Público;3523;A
10995;Falsidade ideológica praticada por Funcionário Público;3523;A
10998;Falsificação de documento Público praticada por Funcionário Público;3523;A
11000;Cobrança de Aluguéis - Sem despejo;9593;A
11001;Consignação de Chaves;9593;A
11004;Falsificação do Selo ou Sinal Público Praticado por Funcionário Público;3523;A
11005;Falsificação de Papéis Públicos Praticado por Funcionário Público;3523;A
11006;Crime de Desvio e/ou Circulação de Moeda Não Autorizada;3523;A
11007;Crime de Moeda Falsa Praticado por Funcionário Público;3523;A
11047;Competência da Justiça Militar da União;8829;A
11048;Competência da Justiça Militar dos Estados;8829;A
11049;DIREITO PROCESSUAL PENAL MILITAR;0;A
11050;Ação Penal Militar;11049;A
11051;Correição Parcial;11049;A
11052;Execução Penal;11049;A
11053;Jurisdição e Competência;11049;A
11054;Menagem;11049;A
11055;Competência da Justiça Militar da União;11053;A
11056;Competência da Justiça Militar Estadual;11053;A
11057;Penas restritivas de direitos;11052;A
11058;Cassação de licença para direção de veículo motorizado;11057;A
11059;Confisco;11057;A
11060;Exílio local;11057;A
11061;Interdição de estabecimento  ou associação;11057;A
11062;Proibição de frequentar determinados locais;11057;A
11063;Suspensão do exercício do posto, graduação, cargo ou função;11057;A
11064;Representação do Corregedor;11051;A
11065;Requerimento da Parte;11051;A
11066;Nulidade;11050;A
11067;Irregularidade na composição do Conselho;11066;A
11068;DIREITO PENAL MILITAR;0;A
11069;Crime Culposo;11068;A
11070;Crime em tempo de guerra;11068;A
11071;Crime Tentado;11068;A
11072;Crimes contra a Administração da Justiça Militar;11068;A
11073;Crimes contra a Administração Militar;11068;A
11074;Crimes contra a Autoridade ou Disciplina Militar;11068;A
11075;Crimes contra a Pessoa;11068;A
11076;Crimes contra a Segurança Externa do País;11068;A
11077;Crimes contra Incolumidade Pública;11068;A
11078;Crimes contra o Patrimônio;11068;A
11079;Crimes contra o Serviço Militar e o Dever Militar;11068;A
11080;Parte Geral ;11068;A
11081;Aplicação da Pena;11080;A
11082;Efeitos da Condenação;11080;A
11083;Excludentes;11080;A
11084;Extinção da punibilidade;11080;A
11085;Livramento Condicional;11080;A
11086;Penas Acessórias;11080;A
11087;Suspensão Condicional da Pena;11080;A
11088;Tipicidade;11080;A
11089;Abolitio criminis;11088;A
11090;Princípio da Insignificância;11088;A
11091;Exclusão das Forças Armadas;11086;A
11092;Inabilitação para o exercício de Função Pública;11086;A
11093;Incompatibilidade para o Oficialato;11086;A
11094;Indignidade para o Oficialato;11086;A
11095;Perda da Função Pública;11086;A
11096;Perda da Graduação das Praças ;11086;A
11097;Perda do Posto e da Patente;11086;A
11098;Suspensão do pátrio poder, tutela ou curatela;11086;A
11099;Suspensão dos direitos políticos;11086;A
11100;Anistia;11084;A
11101;Indulto;11084;A
11102;Morte do Agente;11084;A
11103;Prescrição;11084;A
11104;Reabilitação;11084;A
11105;Ressarcimento do Dano;11084;A
11106;Estado de Necessidade;11083;A
11107;Estado de Necessidade exculpante;11083;A
11108;Estrito Cumprimento do Dever Legal;11083;A
11109;Exercício Regular do Direito;11083;A
11110;Inexigibilidade de Conduta Diversa;11083;A
11111;Legítima Defesa;11083;A
11112;Perda em favor da Fazenda Pública;11082;A
11113;Reparação do Dano;11082;A
11114;Conversão da Pena;11081;A
11115;Substituição da Pena;11081;A
11116;Abandono de posto e de outros crimes em serviço;11079;A
11117;Deserção;11079;A
11118;Exercício de comércio;11079;A
11119;Insubmissão;11079;A
11120;Criação ou simulação de incapacidade física;11119;A
11121;Favorecimento a convocado;11119;A
11122;Insubmissão;11119;A
11123;Insubmissão privilegiada;11119;A
11124;Substituição de convocado;11119;A
11125;Exercício de comércio por oficial;11118;A
11126;Concerto para deserção;11117;A
11127;Deserção;11117;A
11128;Deserção - casos assimilados;11117;A
11129;Deserção especial;11117;A
11130;Deserção por evasão ou fuga;11117;A
11131;Deserção privilegiada;11117;A
11132;Deserção qualificada;11117;A
11133;Favorecimento a desertor;11117;A
11134;Omissão de Oficial;11117;A
11135;Abandono de posto;11116;A
11136;Descumprimento de missão;11116;A
11137;Dormir em serviço;11116;A
11138;Embriaguez em serviço;11116;A
11139;Omissão de eficiência da força;11116;A
11140;Omissão de providências para evitar danos;11116;A
11141;Omissão de providências para salvar comandados;11116;A
11142;Omissão de socorro;11116;A
11143;Retenção indevida;11116;A
11144;Apropriação Indébita;11078;A
11145;Dano;11078;A
11146;Estelionato e outras fraudes;11078;A
11147;Furto;11078;A
11148;Receptação;11078;A
11149;Roubo e Extorsão;11078;A
11150;Usura;11078;A
11151;Usurpação;11078;A
11152;Alteração de Limites ;11151;A
11153;Aposição, supressão ou alteração de marca;11151;A
11154;Usura pecuniária;11150;A
11155;Chantagem;11149;A
11156;Extorsão ;11149;A
11157;Extorsão indireta;11149;A
11158;Extorsão mediante sequestro;11149;A
11159;Latrocínio;11149;A
11160;Roubo;11149;A
11161;Roubo qualificado;11149;A
11162;Receptação;11148;A
11163;Furto ;11147;A
11164;Furto de uso;11147;A
11165;Furto qualificado;11147;A
11166;Abuso de pessoa;11146;A
11167;Estelionato;11146;A
11168;Dano atenuado;11145;A
11169;Dano em aparelhos e instalações ;11145;A
11170;Dano em navio de guerra ou mercante em serviço militar;11145;A
11171;Dano material ou aparelhamento de guerra;11145;A
11172;Dano qualificado;11145;A
11173;Dano simples;11145;A
11174;Desaparecimento,consunção ou extravio;11145;A
11175;Apropriação de coisa achada;11144;A
11176;Apropriação de coisa havida acidentalmente;11144;A
11177;Apropriação indébita;11144;A
11178;Contra a Saúde;11077;A
11179;Crimes contra os Meios de Transporte e de Comunicação;11077;A
11180;Crimes de Perigo Comum;11077;A
11181;Abuso de radiação;11180;A
11182;Desabamento ou desmoronamento;11180;A
11183;Difusão de epizootia ou praga vegetal;11180;A
11184;Embriaguez ao volante;11180;A
11185;Emprego de gás tóxico ou asfixiante;11180;A
11186;Explosão;11180;A
11187;Fatos que expõem a perigo aparelhamento militar;11180;A
11188;Fuga após acidente de trânsito;11180;A
11189;Incêndio;11180;A
11190;Inundação;11180;A
11191;Perigo de inundação;11180;A
11192;Perigo resultante de violação de regra de trânsito;11180;A
11193;Subtração, ocultação ou inutilização de material de socorro;11180;A
11194;Arremesso de projétil;11179;A
11195;Atentado contra serviço de utilidade militar;11179;A
11196;Atentado contra transporte;11179;A
11197;Atentado contra viatura ou outro meio de transporte;11179;A
11198;Interrupção ou perturbação de serviço ou meio de comunicação;11179;A
11199;Perigo de desastre ferroviário;11179;A
11200;Corrupção ou poluição de água potável;11178;A
11201;Envenenamento com perigo extensivo;11178;A
11202;Epidemia;11178;A
11203;Fornecimento de substância alterada;11178;A
11204;Fornecimento de substancia nociva;11178;A
11205;Omissão de notificação de doença;11178;A
11206;Receita Ilegal;11178;A
11207;Tráfico, posse ou uso de entorpecente ou substância de efeito similar;11178;A
11208;Atos de jurisdição indevida;11076;A
11209;Consecução de notícia, informação ou documento para fim de espionagem;11076;A
11210;Desenho ou levantamento de plano ou planta de local militar;11076;A
11211;Entendimento para empenhar o Brasil à neutralidade ou à guerra;11076;A
11212;Entendimento para gerar conflito ou divergência com o Brasil;11076;A
11213;Hostilidade contra país estrangeiro;11076;A
11214;Hostilidade qualificada pelo resultado;11076;A
11215;Penetração com o fim de espionagem;11076;A
11216;Provocação a país estrangeiro;11076;A
11217;Revelação de notícia, informação ou documento;11076;A
11218;Revelação de notícia, informação ou documento, com o fim de espionagem militar;11076;A
11219;Sobrevôo em local interdito;11076;A
11220;Tentativa contra a soberania do Brasil;11076;A
11221;Turbação de objeto ou documento;11076;A
11222;Violação de território estrangeiro;11076;A
11223;Crimes contra a Honra;11075;A
11224;Crimes contra a Liberdade;11075;A
11225;Crimes Sexuais;11075;A
11226;Genocídio;11075;A
11227;Homicídio;11075;A
11228;Lesão Corporal e Rixa;11075;A
11229;Periclitação da Vida ou da Saúde;11075;A
11230;Ultraje Público ao Pudor;11075;A
11231;Ato obsceno;11230;A
11232;Escrito ou objeto obsceno;11230;A
11233;Abandono de pessoa;11229;A
11234;Abandono de pessoa seguida de morte ou lesão grave;11229;A
11235;Maus tratos;11229;A
11236;Maus tratos seguido de morte ou lesão grave;11229;A
11237;Lesão grave;11228;A
11238;Lesão leve;11228;A
11239;Lesão levíssima;11228;A
11240;Lesão privilegiada;11228;A
11241;Lesão seguida de morte;11228;A
11242;Participação em rixa;11228;A
11243;Homicídio;11227;A
11244;Homicidio qualificado;11227;A
11245;Homicídio Privilegiado;11227;A
11246;Provocação direta ou auxílio a suicídio;11227;A
11247;Provocação indireta ao suicídio;11227;A
11248;Genocídio;11226;A
11249;Atentado violento ao pudor;11225;A
11250;Corrupção de menores;11225;A
11251;Estupro;11225;A
11252;Ato Libidinoso;11225;A
11253;Ameaça;11224;A
11254;Constrangimento ilegal;11224;A
11255;Desafio para duelo;11224;A
11256;Divulgação de segredo;11224;A
11257;Sequestro ou cárcere privado;11224;A
11258;Violação de correspondência;11224;A
11259;Violação de domicílio;11224;A
11260;Violação de recato;11224;A
11261;Violação de segredo profissional;11224;A
11262;Calúnia;11223;A
11263;Difamação;11223;A
11264;Injúria;11223;A
11265;Injuria real;11223;A
11266;Ofensa às forças armadas;11223;A
11267;Desrespeito a superior e a símbolo nacional ou farda;11074;A
11268;Aliciação e incitamento;11074;A
11269;Fuga, evasão, arrebatamento e amotinamento de presos;11074;A
11270;Insubordinação;11074;A
11271;Motim e Revolta;11074;A
11272;Resistência;11074;A
11273;Usurpação e excesso ou abuso de autoridade;11074;A
11274;Violência contra superior ou militar de serviço;11074;A
11275;Violência contra militar de serviço;11274;A
11276;Violência contra superior;11274;A
11277;Abuso de requisição militar;11273;A
11278;Assunção de comando sem ordem ou autorização;11273;A
11279;Conservação ilegal de comando;11273;A
11280;Ofensa aviltante a inferior;11273;A
11281;Operação militar sem ordem superior;11273;A
11282;Ordem arbitrária de invasão;11273;A
11283;Rigor excessivo;11273;A
11284;Uso indevido de uniforme, distintivo ou insígnia militar por qualquer pessoa;11273;A
11285;Uso indevido por militar de uniforme, distintivo ou insígnia;11273;A
11286;Violência contra inferior;11273;A
11287;Resistência mediante ameaça ou violência;11272;A
11288;Conspiração;11271;A
11289;Motim;11271;A
11290;Omissão de lealdade militar;11271;A
11291;Organização de grupo para prática de violência;11271;A
11292;Revolta;11271;A
11293;Oposição a ordem de sentinela;11270;A
11294;Publicação ou crítica indevida;11270;A
11295;Recusa a obediência;11270;A
11296;Reunião ilícita;11270;A
11297;Amotinamento;11269;A
11298;Arrebatamento de preso ou internado;11269;A
11299;Evasão de preso ou internado;11269;A
11300;Fuga de preso ou internado;11269;A
11301;Aliciação para motim ou revolta;11268;A
11302;Apologia de fato criminoso ou do seu autor;11268;A
11303;Incitamento;11268;A
11304;Despojamento desprezível;11267;A
11305;Desrespeito a comandante, oficial-general ou oficial de serviço;11267;A
11306;Desrespeito a símbolo nacional;11267;A
11307;Desrespeito a superior ;11267;A
11308;Concussão, Excesso de Exação e Desvio;11073;A
11309;Corrupção;11073;A
11310;Crimes contra o dever funcional;11073;A
11311;Crimes praticados por particular contra a Administração Militar;11073;A
11312;Desacato e da Desobediência;11073;A
11313;Falsidade;11073;A
11314;Peculato;11073;A
11315;Peculato;11314;A
11316;Peculato mediante aproveitamento ou erro de outrem;11314;A
11317;Peculato-furto;11314;A
11318;Certidão ou atestado ideologicamente falso ;11313;A
11319;Cheques sem fundos;11313;A
11320;Falsa identidade;11313;A
11321;Falsidade ideológica;11313;A
11322;Falsificação de documento;11313;A
11323;Supressão de documento;11313;A
11324;Uso de documento falso;11313;A
11325;Uso de documento pessoal alheio;11313;A
11326;Desacato a assemelhado ou funcionário;11312;A
11327;Desacato a militar;11312;A
11328;Desacato a superior;11312;A
11329;Desobediência;11312;A
11330;Ingresso clandestino;11312;A
11331;Impedimento, perturbação ou fraude de concorrencia;11311;A
11332;Inutilização de edital ou de sinal oficial;11311;A
11333;Subtração ou inutilização de livro, processo ou documento;11311;A
11334;Tráfico de influência;11311;A
11335;Usurpação de função;11311;A
11336;Abandono de cargo;11310;A
11337;Abuso de confiança ou boa fé;11310;A
11338;Aplicação ilegal de verba ou dinheiro;11310;A
11339;Condescendência criminosa;11310;A
11340;Exercício funcional ilegal;11310;A
11341;Extravio, sonegação ou inutilização de livro ou documento;11310;A
11342;Inobservancia de lei, regulamento ou instrução;11310;A
11343;Não inclusão de nome em lista;11310;A
11344;Obstáculo à hasta pública, concorrência ou tomada de preços;11310;A
11345;Patrocínio indébito;11310;A
11346;Prevaricação;11310;A
11347;Violação de sigilo de proposta de concorrência;11310;A
11348;Violação de sigilo funcional;11310;A
11349;Violação do dever funcional com o fim de lucro;11310;A
11350;Violação ou divulgação indevida de correspondência ou comunicação;11310;A
11351;Violência arbitrária;11310;A
11352;Corrupção ativa;11309;A
11353;Corrupção passiva;11309;A
11354;Participação ilícita;11309;A
11355;Concussão;11308;A
11356;Desvio;11308;A
11357;Excesso de exação;11308;A
11358;Auto-acusação falsa;11072;A
11359;Coação;11072;A
11360;Comunicação falsa de crime;11072;A
11361;Corrupção ativa de testemunha, perito ou intérprete;11072;A
11362;Denunciação caluniosa;11072;A
11363;Desacato;11072;A
11364;Desobediência a decisão judicial;11072;A
11365;Desobediência a decisão sobre perda ou suspensão de atividade ou direito;11072;A
11366;Exploração de prestígio;11072;A
11367;Falso testemunho ou falsa perícia;11072;A
11368;Favorecimento pessoal;11072;A
11369;Favorecimento real;11072;A
11370;Inutilização,sonegação ou descaminho de material probante;11072;A
11371;Publicidade opressiva;11072;A
11372;Recusa de função na Justiça Militar;11072;A
11386;Advertência;10688;A
11387;Internação com atividades externas;10688;A
11388;Internação sem atividades externas;10688;A
11389;Liberdade assistida;10688;A
11390;Obrigação de reparar o dano;10688;A
11391;Prestação de serviços à comunidade;10688;A
11392;Semiliberdade;10688;A
11410;Crimes contra portadores de deficiência;3603;A
11412;Conflito fundiário coletivo rural;10432;A
11413;Conflito fundiário coletivo urbano;10432;A
11414;Crime/contravenção decorrente de conflito fundiário coletivo;287;A
11416;Violação sexual mediante fraude;3463;A
11417;Estupro de vulnerável;3463;A
11418;Satisfação de lascívia mediante presença de criança ou adolescente ;3463;A
11419;Favorecimento da prostituição ou outra forma de exploração sexual de vulnerável ;3463;A
11420;Favorecimento da prostituição ou outra forma de exploração sexual;3463;A
11421;Tráfico internacional de pessoa para fim de exploração sexual;3463;A
11422;Tráfico interno de pessoa para fim de exploração sexual;3463;A
11428;DIREITO ELEITORAL;0;A
11429;Crimes Eleitorais;11428;A
11430;Crimes contra a Organização Administrativa da Justiça Eleitoral;11429;A
11431;Intervenção Indevida de Autoridade Junto à Mesa Receptora;11430;A
11432;Não Observância de Chamamento de Eleitores para Votar;11430;A
11433;Práticas Irregulares que Determinam a Anulação da Votação;11430;A
11434;Votação de Eleitor na Seção Eleitoral na qual Não Está Inscrito ou Autorizado a Votar ;11430;A
11435;Contagem de Votos de Eleitores em Relação aos quais Houve Impugnação;11430;A
11436;Fabricação, Aquisição, Fornecimento, Subtração ou Guarda de Materiais de Uso da Justiça Eleitoral;11430;A
11437;Crimes contra o Serviço da Justiça Eleitoral;11429;A
11438;Inscrição Fraudulenta;11437;A
11439;Induzimento à Inscrição de Eleitor em Infração às Normas Legais;11437;A
11440;Inscrição Fraudulenta Efetivada pelo Juiz;11437;A
11441;Negativa ou Retardamento de Inscrição sem Fundamento Legal;11437;A
11442;Perturbação ou Impedimento de Alistamento;11437;A
11443;Promoção de Desordem nos Trabalhos Eleitorais;11437;A
11444;Majoração de Preços de Utilidade e Serviços Necessários à Realização das Eleições;11437;A
11445;Ocultação, Sonegação ou Recusa de Fornecimento de Utilidades, Alimentos e Transporte no Dia da Eleição ;11437;A
11446;Retardamento ou Não-Publicação de Decisões, Citações ou Intimações da Justiça Eleitoral;11437;A
11447;Não-Apresentação de Denúncia ou Não Execução de Sentença Penal Condenatória no Prazo Legal  ;11437;A
11448;Não Cumprimento, pela Autoridade Judiciária, do Dever de Representar Contra o Órgão do Ministério que Não Oferece Denúncia no Prazo Legal ;11437;A
11449;Recusa ou Abandono do Serviço Eleitoral;11437;A
11450;Não Cumprimento dos Deveres Impostos pelo Código Eleitoral à Autoridade Judiciária e aos Funcionários da Justiça Eleitoral ;11437;A
11451;Utilização de Prédios ou Serviços de Repartições Públicas para Beneficiar Partido ou Organização de Caráter Político ;11437;A
11452;Desobediência a Ordens ou Instruções da Justiça Eleitoral ;11437;A
11453;Descumprimento do Dever de Informar o Número, Espécie e Lotação de Veículos e Embarcações ;11437;A
11454;Desatendimento à Requisição de Veículo ou Embarcação  ;11437;A
11455;Descumprimento da Proibição de Fornecimento de Transporte ou Refeições a Eleitores;11437;A
11456;Estupro de Vulnerável;9740;A
11457;Favorecimento de Prostituição ou Outra Forma de Exploração Sexual ;9740;A
11458;Favorecimento de Prostituição ou Outra Forma de Exploração Sexual de Vulnerável;9740;A
11459;Satisfação de Lascívia Mediante Presença de Criança ou Adolescente;9740;A
11460;Tráfico Interno de Pessoa para Fim de Exploração Sexual;9740;A
11461;Violação Sexual Mediante Fraude;9740;A
11464;Obstamento do Transporte e Fornecimento de Alimentos a Eleitores pela Justiça Eleitoral;11437;A
11465;Utilização de Veículos e Embarcações Públicas em Campanha Eleitoral;11437;A
11466;Dano a Equipamento Eleitoral;11437;A
11467;Crimes contra a Fé Pública Eleitoral;11429;A
11468;Omissão na Expedição de Boletim de Apuração;11467;A
11469;Omissão no Recolhimento das Cédulas Apuradas, no Fechamento e Lacração da Urna;11467;A
11470;Alteração do Resultado de Votação nos Mapas ou Boletins de Apuração;11467;A
11471;Omissão no Recebimento e Registro de Protestos, bem como, de sua Remessa à Instância Superior ;11467;A
11472;Falsificação ou Alteração de Documento Público para Fins Eleitorais;11467;A
11473;Falsidade Ideológica;11467;A
11474;Reconhecimento Indevido de Firma ou Letras para Fins Eleitorais;11467;A
11475;Uso de Documento Falso para Fins Eleitorais;11467;A
11476;Obtenção de Documento Falso para Fins Eleitorais;11467;A
11477;Omissão da Entrega do Boletim de Urna;11467;A
11478;Obtenção de Acesso a Sistema de Dados Eleitorais;11467;A
11479;Destruição de Dados Eleitorais;11467;A
11480;Cerceamento da Fiscalização Partidária;11467;A
11481;Recusa de Entrega de Boletim;11467;A
11482;Crimes contra a Propaganda Eleitoral;11429;A
11483;Divulgação de Fatos Inverídicos na Propaganda Eleitoral;11482;A
11484;Calúnia na Propaganda Eleitoral;11482;A
11485;Divulgação de Falsa Imputação;11482;A
11486;Difamação na Propaganda Eleitoral;11482;A
11487;Injúria na Propaganda Eleitoral;11482;A
11488;Injúria Eleitoral Violenta;11482;A
11489;Inutilização, Alteração ou Perturbação de Propaganda;11482;A
11490;Impedimento do Exercício da Propaganda;11482;A
11491;Utilização de Organização Comercial para Propaganda ou Aliciamento de Eleitores;11482;A
11492;Realização de Propaganda Eleitoral em Língua Estrangeira;11482;A
11493;Participação de Pessoa Não Detentora de Direitos Políticos em Atividades Partidárias e de Propaganda Eleitoral ;11482;A
11494;Autorização de Transmissão de Pessoa Não Detentora de Direitos Políticos em Atividades Partidárias e de Propaganda Eleitoral ;11482;A
11495;Pesquisa Fraudulenta;11482;A
11496;Uso, na Propaganda Eleitoral, de Símbolo de Órgãos de Governo;11482;A
11497;Crimes contra o Sigilo ou o Exercício do Voto;11429;A
11498;Retenção de Título Eleitoral ou do Comprovante de Alistamento Eleitoral;11497;A
11499;Impedimento ou Embaraço ao Exercício do Sufrágio;11497;A
11500;Prisão ou Detenção do Eleitor, Membro de Mesa Receptora, Fiscal, Delegado de Partido ou Candidato, Fora das Hipóteses Legais Permitidas ;11497;A
11501;Corrupção Eleitoral;11497;A
11502;Coação Visando a Obtenção de Voto ou a sua Abstenção;11497;A
11503;Violência ou Grave Ameaça Visando a Obtenção de Voto ou a sua Abstenção;11497;A
11504;Concentração de Eleitores para Embaraçar ou Fraudar o Exercício do Voto;11497;A
11505;Fornecimento ao Eleitor de Cédula Oficial Já Assinalada ou Marcada;11497;A
11506;Fornecimento de Cédula Eleitoral Rubricada a Destempo;11497;A
11507;Votação Múltipla ou Realizada em Lugar de Outrem;11497;A
11508;Violação do Sigilo do Voto;11497;A
11509;Violação do Sigilo da Urna ou dos Invólucros;11497;A
11510;Destruição, Supressão ou Ocultação de Urna Contendo Votos ou Documentos Eleitorais ;11497;A
11511;Destruição de Relação de Candidatos;11497;A
11512;Uso Proibido de Alto-Falantes;11497;A
11513;Arregimentação de Eleitor ou Boca de Urna;11497;A
11514;Divulgação de Propaganda Eleitoral no Dia da Eleição;11497;A
11515;Retenção de Título ou Comprovante de Alistamento Eleitoral;11497;A
11517;Crimes contra os Partidos Políticos;11429;A
11518;Subscrição de Mais de Uma Ficha de Filiação Partidária;11517;A
11519;Inscrição Simultânea em Dois ou Mais Partidos;11517;A
11520;Coleta de Assinatura em Mais de Uma Ficha de Registro Partidário;11517;A
11521;Preterição à Prioridade Postal;11517;A
11522;Arguição de Ineligibilidade Temerária ou de Má-Fé;11517;A
11523;Não-Acesso dos Partidos aos Dados Relativos às Pesquisas Eleitorais;11517;A
11524;Irregularidades dos Dados Publicados em Pesquisas Eleitorais;11517;A
11557;Administração da Justiça Eleitoral;11428;A
11559;Improbidade Administrativa;11557;A
11560;Descumprimento de Prazos Eleitorais;11557;A
11561;Garantia de Autoridade de Decisão do Tribunal;11557;A
11562;Magistrado;11557;A
11563;Afastamento de Magistrado;11562;A
11564;Designação de Juiz Eleitoral;11562;A
11565;Lista Tríplice;11562;A
11566;Servidor;11557;A
11567;Concurso Público;11566;A
11568;Remoção de Servidor;11566;A
11569;Requisição;11566;A
11570;Requisição de Servidor;11569;A
11571;Requisição de Servidor - Renovação de Requisição de Servidor;11569;A
11572;Minuta de Resolução;11557;A
11573;Requisição de Força Federal;11557;A
11574;Alistamento Eleitoral;11428;A
11575;Alistamento Eleitoral - Cancelamento;11574;A
11576;Alistamento Eleitoral - Domicílio Eleitoral;11574;A
11577;Alistamento Eleitoral - Duplicidade/Pluralidade;11574;A
11578;Alistamento Eleitoral - Exclusão;11574;A
11579;Alistamento Eleitoral - Inscrição Eleitoral;11574;A
11583;Eleições;11428;A
11584;Candidatos;11583;A
11585;Condição de Elegibilidade;11584;A
11586;Condição de Elegibilidade - Alistamento Eleitoral;11585;A
11587;Condição de Elegibilidade - Domicílio Eleitoral na Circunscrição;11585;A
11588;Condição de Elegibilidade - Idade Mínima;11585;A
11589;Condição de Elegibilidade - Filiação Partidária;11585;A
11590;Condição de Elegibilidade - Nacionalidade Brasileira;11585;A
11591;Condição de Elegibilidade - Pleno Exercício dos Direitos Políticos;11585;A
11592;Condição de Elegibilidade - Quitação Eleitoral;11585;A
11593;Direito de Resposta;11584;A
11594;Identificação Numérica de Candidato;11584;A
11595;Inelegibilidade;11584;A
11596;Inelegibilidade - Abuso do Poder Econômico ou Político;11595;A
11597;Inelegibilidade - Analfabetismo;11595;A
11598;Inelegibilidade - Condenação Criminal por órgão colegiado ou Transitada em Julgado;11595;A
11599;Inelegibilidade - Declaração de Indignidade ou de Incompatibilidade com o Oficialato;11595;A
11600;Inelegibilidade - Desincompatibilização;11595;A
11601;Inelegibilidade - Inalistável;11595;A
11602;Inelegibilidade - Parentesco;11595;A
11603;Inelegibilidade - Reeleição;11595;A
11604;Inelegibilidade - Rejeição de Contas Públicas;11595;A
11605;Inelegibilidade - Representação ou Ação de Investigação Judicial Eleitoral Jugada Procedente pela Justiça Eleitoral;11595;A
11606;Inelegibilidade - Terceiro Mandato;11595;A
11607;Inelegibilidade - Vida Pregressa;11595;A
11608;Inelegibilidade - Vínculo Afetivo;11595;A
11609;Inelegibilidade - Vínculo Conjugal;11595;A
11610;Inelegibilidade - Vínculo em União Estável ;11595;A
11611;Nome do Candidato;11584;A
11612;Nome do Candidato - Homonímia;11611;A
11613;Nome do Candidato - Variação Nominal;11611;A
11615;Registro de Candidatura;11584;A
11616;Impugnação ao Registro de Candidatura;11615;A
11617;Registro de Candidatura - Preenchimento de Vaga Remanescente;11615;A
11618;Registro de Candidatura - RRC - Candidato;11615;A
11619;Registro de Candidatura - RRCI - Candidato Individual;11615;A
11620;Registro de Candidatura - Substituição de Candidato;11615;A
11621;Registro de Candidatura - Substituição de Candidato - Por Cancelamento de Registro;11620;A
11622;Registro de Candidatura - Substituição de Candidato - Por Cassação de Registro;11620;A
11623;Registro de Candidatura - Substituição de Candidato - Por Expulsão Partidária;11620;A
11624;Registro de Candidatura - Substituição de Candidato - Por Falecimento;11620;A
11625;Registro de Candidatura - Substituição de Candidato - Por Indeferimento de Registro;11620;A
11626;Registro de Candidatura - Substituição de Candidato - Por Ineligibilidade;11620;A
11627;Registro de Candidatura - Substituição de Candidato - Por Renúncia;11620;A
11628;Cargos;11583;A
11629;Cargo - Deputado Distrital;11628;A
11630;Cargo - Deputado Estadual;11628;A
11631;Cargo - Deputado Federal;11628;A
11632;Cargo - Governador;11628;A
11633;Cargo - Prefeito;11628;A
11634;Cargo - Presidente da República;11628;A
11635;Cargo - Primeiro Suplente de Senador;11628;A
11636;Cargo - Segundo Suplente de Senador;11628;A
11637;Cargo - Senador;11628;A
11638;Cargo - Vereador;11628;A
11639;Cargo - Vice-Governador;11628;A
11640;Cargo - Vice-Prefeito;11628;A
11641;Cargo - Vice-Presidente da República;11628;A
11642;Eleições - 1° Turno;11583;A
11643;Eleições - 2° Turno;11583;A
11644;Eleições - Anulação de Eleições;11583;A
11645;Eleições - Eleição Majoritária;11583;A
11646;Eleições - Eleição Proporcional;11583;A
11647;Eleições - Eleição Suplementar;11583;A
11648;Pesquisa Eleitoral;11583;A
11649;Pesquisa Eleitoral - Divulgação de Pesquisa Eleitoral Fraudulenta;11648;A
11650;Pesquisa Eleitoral - Divulgação de Pesquisa Eleitoral Sem Prévio Registro;11648;A
11651;Pesquisa Eleitoral - Registro de Pesquisa Eleitoral;11648;A
11652;Propaganda Política - Propaganda Eleitoral;11583;A
11653;Propaganda Política - Propaganda Eleitoral - Adesivo;11652;A
11654;Propaganda Política - Propaganda Eleitoral - Alto-falante/Amplificador de Som;11652;A
11655;Propaganda Política - Propaganda Eleitoral - Banner/Cartaz/Faixa;11652;A
11656;Propaganda Política - Propaganda Eleitoral - Bem Particular;11652;A
11657;Propaganda Política - Propaganda Eleitoral - Bem Particular de Uso Comum;11652;A
11658;Propaganda Política - Propaganda Eleitoral - Bem Público;11652;A
11659;Propaganda Política - Propaganda Eleitoral - Bem Tombado;11652;A
11660;Propaganda Política - Propaganda Eleitoral - Boca de Urna;11652;A
11661;Propaganda Política - Propaganda Eleitoral - Cavalete;11652;A
11662;Propaganda Política - Propaganda Eleitoral - Comício/Showmício;11652;A
11663;Propaganda Política - Propaganda Eleitoral - Conduta Vedada a Emissora de Rádio/Televisão na Programação Normal;11652;A
11664;Propaganda Política - Propaganda Eleitoral - Confecção, Utilização ou Distribuição de Brinde;11652;A
11665;Propaganda Política - Propaganda Eleitoral - Contrariedade à Lei de Postura Municipal;11652;A
11666;Propaganda Política - Propaganda Eleitoral - Debate Político;11652;A
11667;Propaganda Política - Propaganda Eleitoral - Extemporânea/Antecipada;11652;A
11668;Propaganda Política - Propaganda Eleitoral - Folhetos/Volantes/Santinhos/Impressos;11652;A
11669;Propaganda Política - Propaganda Eleitoral - Horário Eleitoral Gratuito;11652;A
11670;Propaganda Política - Propaganda Eleitoral - Distribuição de Tempo de Propaganda;11669;A
11671;Propaganda Política - Propaganda Eleitoral - Horário Eleitoral Gratuito/Inserções de Propaganda;11669;A
11672;Propaganda Política - Propaganda Eleitoral - Horário Eleitoral Gratuito/Programa em Bloco;11669;A
11673;Propaganda Política - Propaganda Eleitoral - Rádio;11669;A
11674;Propaganda Política - Propaganda Eleitoral - Rádio Comunitária;11669;A
11675;Propaganda Política - Propaganda Eleitoral - Televisão;11669;A
11676;Propaganda Política - Propaganda Eleitoral - Invasão de Horário Destinado a Outro Cargo/Partido/Coligação;11669;A
11677;Propaganda Política - Propaganda Eleitoral - Imprensa Escrita - Jornal/Revista/Tabloide;11652;A
11678;Propaganda Política - Propaganda Eleitoral - Inobservância do Limite Legal;11652;A
11679;Propaganda Política - Propaganda Eleitoral - Internet;11652;A
11680;Propaganda Política - Propaganda Eleitoral - Omissão de Informações Obrigatórias;11652;A
11681;Propaganda Política - Propaganda Eleitoral - Outdoors;11652;A
11682;Propaganda Política - Propaganda Eleitoral - Pintura em Muro;11652;A
11683;Propaganda Política - Propaganda Eleitoral - Truncagem, Montagem, Utilização de Gravação Externa, Computação Gráfica, Desenho Animado ou Efeito Especial;11652;A
11684;Recursos Financeiros de Campanha Eleitoral;11583;A
11686;Comitê Financeiro;11684;A
11688;Registro de Comitê Financeiro;11686;A
11689;Registro de Comitê Financeiro - Eleição Majoritária;11688;A
11690;Registro de Comitê Financeiro - Eleição Proporcional;11688;A
11691;Registro de Comitê Financeiro - Único;11688;A
11692;Contas;11684;A
11693;Contas - Apresentação de Contas;11692;A
11694;Contas - Aprovação;11693;A
11695;Contas - Aprovação das Contas;11694;A
11696;Contas - Aprovação das Contas com Ressalvas;11694;A
11697;Contas - Desaprovação/Rejeição das Contas;11693;A
11698;Contas - Não Apresentação das Contas;11692;A
11699;Doação de Recursos Acima do Limite Legal;11684;A
11700;Doação de Recursos Acima do Limite Legal - Pessoa Física;11699;A
11701;Doação de Recursos Acima do Limite Legal - Pessoa Jurídica;11699;A
11702;Garantias Eleitorais;11583;A
11703;Habeas Corpus;1209;A
11704;Habeas Corpus - Liberatório;11703;A
11705;Habeas Corpus - Preventivo;11703;A
11713;Resultados;11583;A
11714;Apuração/Totalização de Votos;11713;A
11715;Quociente Eleitoral/Partidário;11713;A
11716;Transgressões Eleitorais;11583;A
11717;Abuso;11716;A
11718;Abuso - De Poder Econômico;11717;A
11719;Abuso - De Poder Político/Autoridade;11717;A
11720;Abuso - Uso Indevido de Meio de Comunicação Social;11717;A
11721;Captação Ilícita de Sufrágio;11716;A
11722;Corrupção ou Fraude;11716;A
11723;Propaganda Política - Propaganda Institucional;11716;A
11724;Diplomação;11428;A
11725;Direitos Políticos;11428;A
11726;Direitos Políticos - Perda dos Direitos Políticos;11725;A
11727;Direitos Políticos - Restabelecimento dos Direitos Políticos;11725;A
11728;Direitos Políticos - Suspensão de Direitos Políticos;11725;A
11729;Execução;11428;A
11730;Execução - De Astreintes;11729;A
11731;Execução - De Multa Eleitoral;11729;A
11732;Execução de Julgado;11729;A
11733;Garantias Processuais;11428;A
11734;Cautelar Inominada;11733;A
11735;Cautelar Inominada - De Busca e Apreensão;11734;A
11736;Cautelar Inominada - De Produção Antecipada de Provas;11734;A
11737;Cautelar Inominada - Incidental;11734;A
11738;Cautelar Inominada - Preparatória;11734;A
11739;Exceção;11733;A
11740;Exceção - De Coisa Julgada;11739;A
11741;Exceção - De Ilegitimidade de Parte;11739;A
11742;Exceção - De Impedimento;11739;A
11743;Exceção - De Incompetência;11739;A
11744;Exceção - De Litispendência;11739;A
11745;Exceção - De Pré-Executividade;11739;A
11746;Exceção - De Suspeição;11739;A
11747;Partidos Políticos;11428;A
11748;Alteração Estatutária de Partido Político em Matéria Administrativa;11747;A
11749;Coligação Partidária;11747;A
11750;Coligação Partidária - Majoritária;11749;A
11751;Coligação Partidária - Majoritária e Proporcional;11749;A
11752;Coligação Partidária - Proporcional;11749;A
11753;Convenção Partidária;11747;A
11754;Filiação/Desfiliação;11747;A
11755;Filiação Partidária;11754;A
11756;Filiação Partidária - Cancelamento;11755;A
11757;Filiação Partidária - Coexistência;11755;A
11758;Filiação Partidária - Exclusão;11755;A
11759;Desfiliação Partidária;11754;A
11760;Justificação de Desfiliação Partidária;11759;A
11761;Perda de Cargo Eletivo por Desfiliação Partidária;11759;A
11763;Incorporação de Partidos Políticos;11747;A
11764;Órgão de Direção Partidária;11747;A
11765;Dissolução de Órgão de Direção Partidária;11764;A
11766;Partido Político - Órgão de Direção Estadual;11764;A
11767;Partido Político - Órgão de Direção Municipal;11764;A
11768;Partido Político - Órgão de Direção Nacional;11764;A
11769;Partido Político - Comissão Provisória;11747;A
11770;Propaganda Política;11747;A
11771;Propaganda Política - Propaganda Intrapartidária;11770;A
11772;Propaganda Política Partidária;11770;A
11773;Propaganda Política - Propaganda Partidária;11772;A
11774;Veiculação;11772;A
11775;Veiculação de Propaganda Partidária - Em Bloco;11774;A
11776;Veiculação de Propaganda Partidária - Em Inserções;11774;A
11777;Plebiscito;11428;A
11778;Requerimento;11428;A
11779;Contra o Ordenamento Urbano e o Patrimônio Cultural;9878;A
11780;Crimes contra o Ordenamento Urbano e o Patrimônio Cultural;3618;A
11781;Objetos de cartas precatórias cíveis/de ordem;8826;A
11782;Intimação;11781;A
11783;Citação;11781;A
11784;Oitiva;11781;A
11785;Diligências;11781;A
11786;Atos executórios;11781;A
11797;Entrada de aparelho telefônico de comunicação móvel em estabelecimento prisional;5874;A
11802;Ordem Urbanística;9985;A
11803;CONSELHOS;9985;A
11804;Programas de Arrendamento Residencial  PAR;4839;A
11805;Tabela Price;4839;A
11806;Empréstimo consignado;7752;A
11807;Tarifas;7752;A
11808;Capitalização e Previdência Privada;7771;A
11809;Transporte Aquaviário;7771;A
11810;Dever de Informação;1156;A
11811;Práticas Abusivas;1156;A
11812;Oferta e Publicidade;1156;A
11814;Transporte Ferroviário;7776;A
11815;Transporte Rodoviário;7776;A
11816;Infrações administrativas;9964;A
11817;Fundos;9964;A
11818;Medidas de proteção;9964;A
11819;Classificação indicativa;9964;A
11820;Entidades de atendimento;9964;A
11821;Conselhos tutelares;9964;A
11822;Mineração;10110;A
11823;Reserva legal;10110;A
11824;Recursos Hídricos;10110;A
11825;Poluição;10110;A
11826;Zoneamento Ecológico e Econômico;10110;A
11827;Zona Costeira;10110;A
11828;Área de Preservação Permanente;10110;A
11829;Produtos Controlados / Perigosos;10110;A
11830;Patrimônio Cultural;10110;A
11831;Controle Externo da atividade policial;9985;A
11832;Conselho do Idoso;11803;A
11833;Conselho da Comunidade;11803;A
11834;Conselho sobre Drogas;11803;A
11835;Conselho de Direitos da Criança e Adolescente;11803;A
11836;Parcelamento do Solo;11802;A
11837;Comércio Ambulante;11802;A
11838;Operações Urbanas Consorciadas;11802;A
11839;Posturas Municipais;11802;A
11840;Segurança em Edificações;11802;A
11841;Política Agrícola;9985;A
11842;Pessoa Idosa;9986;A
11843;Pessoas com deficiência;9986;A
11844;Minorias Étnicas;9986;A
11845;Comunicação Social;9986;A
11846;Moradia;9986;A
11847;Assistência Social;9986;A
11848;Alimentação;9986;A
11849;Não Discriminação;9986;A
11858;Recebimento de bolsa de estudos;10288;A
11860;Produto Impróprio;7771;A
11861;Combustíveis e derivados;7771;A
11862;Saneamento;10110;A
11863;Responsabilidade Fiscal;9985;A
11864;Irregularidade no atendimento;1156;A
11865;Vendas casadas;1156;A
11866;Jogos / Sorteios / Promoções comerciais;1156;A
11867;Produto Impróprio;6220;A
11868;Combustíveis e derivados;1156;A
11870;Utilização de bens públicos;10089;A
11871;Agências/órgãos de regulação;10136;A
11872;Sistema de proteção especial a vítimas e a testemunhas;9985;A
11873;Política fundiária e da reforma agrária;9985;A
11895;Crimes Previstos no Estatuto do Torcedor;3603;A
11896;Previstos no Estatuto do Torcedor;9847;A
11897;Crédito Especial;10954;A
11898;Crédito Extraordinário;10954;A
11899;Ato Normativo;9997;A
11900;Resolução;11899;A
11901;Recomendação;11899;A
11902;Resolução Conjunta;11899;A
11903;Concurso para magistrado;10370;A
11904;Prova Objetiva;10370;A
11905;Prova Subjetiva;10370;A
11906;Prova Prática-Sentença;10370;A
11907;Prova Oral;10370;A
11908;Reserva de Vagas;10370;A
11909;Concurso para servidor;10370;A
11910;Concurso para serventia extrajudicial;10370;A
11911;Juizados Especiais;10187;A
11912;Juiz Leigo;11911;A
11913;Composição de Turmas Recursais;11911;A
11914;Licença;10187;A
11915;Participação Societária;10187;A
11916;Plantão Judiciário;10187;A
11917;Residência;10187;A
11918;Substituição/Convocação em Tribunal;10187;A
11919;Violação Prerrogativa Advogado;10187;A
11920;Eleição;10187;A
11921;Cargos de Direção;11920;A
11922;Órgão Especial;11920;A
11923;Fraude / Quebra de ordem cronológica;10672;A
11924;Pagamento;10672;A
11925;Vacância;10083;A
11926;Remoção;10083;A
11927;Desmembramento;10083;A
11928;Cumulação;10083;A
11929;Emolumentos;10083;A
11930;Fraude;10083;A
11931;Gratuidade;10083;A
11932;Princípio da Territorialidade;10083;A
11933;Provimento Irregular;10083;A
11934;Registro Civil de Nascimento;10083;A
11935;Registro de Imóveis;10083;A
11936;Cessão;10220;A
11937;Desvio de Função;10220;A
11938;Provimento de Cargos;10220;A
11939;Entrada de aparelho telefônico de comunicação móvel em estabelecimento prisional;9932;A
11940;Inclusão do 13º salário (gratificação natalina) no PBC;6127;A
11941;Art. 26 da Lei 8.870/1994;6120;A
11942;Art. 29, § 5º, da Lei 8.213/1991;6120;A
11943;Art. 29, II, da Lei 8.213/1991;6120;A
11944;Alteração do teto máximo para o valor do benefício previdenciário do RGPS (EC 20 e 41);6120;A
11945;Revisão do valor do benefício no primeiro reajuste após a concessão (Art. 21, § 3º, da Lei 8.880/1994);6149;A
11946;Pessoa com Deficiência;6114;A
11947;Idoso;6114;A
11948;Inspeção;10015;A
11949;Revisão/Desconstituição de Ato Administrativo;9997;A
11950;Morosidade no Julgamento do Processo;10187;A
11951;Investigação Patrimonial;10015;A
11952;Apuração de Infração Disciplinar;10187;A
11954;Acidente de Trabalho - Ressarcimento ao Erário;10439;A
11958;Difusão culposa de doença ou praga;3491;A
11959;Receptação culposa;3415;A
11960;Receptação culposa;9674;A
11961;Incêndio culposo;3491;A
11962;Incêndio culposo;9773;A
11963;Explosão culposa;3491;A
11964;Explosão culposa;9773;A
11965;Uso culposo de gás tóxico ou asfixiante;9773;A
11966;Uso culposo de gás tóxico ou asfixiante;3491;A
11967;Inundação culposa;3491;A
11968;Inundação culposa;9773;A
11969;Desabamento ou desmoronamento culposo;3491;A
11970;Desabamento ou desmoronamento culposo;9773;A
11971;Difusão culposa de doença ou praga;9773;A
11972;Desastre ferroviário culposo;3491;A
11973;Desastre ferroviário culposo;9773;A
11974;Cláusulas Abusivas;1156;A
11977;Alienação Parental;10577;A
11978;Invasão de Dispositivo Informático;3412;A
11979;Violência Doméstica Contra a Mulher;9634;A
11980;Usucapião Conjugal;10455;A
11981;Exploração Sexual;9964;A
11982;Separação de Corpos;9192;A
11984;Medidas Protetivas;10912;A
11985;Extinção das Obrigaões do Falido;4993;A
11986;Suspensão ou Extinção do Poder Familiar;10577;A
11987;Aborto;9635;A
11988;Conversão da união estável em casamento;5808;A
11989;Nulidade de ato administrativo;9997;A
11990;Usucapião de bem móvel;10455;A
11991;Adjudicação de herança;7673;A
11992;Registro Civil de Pessoas Jurídicas;7724;A
11996;Encaminhamento aos pais ou responsável;11818;A
11997;Orientação e acompanhamento temporário;11818;A
11998;Matrícula e frequência obrigatória em escola oficial de ensino fundamental;11818;A
11999;Inclusão em programa de auxílio à família;11818;A
12000;Requisição de tratamento médico, psicológico ou psiquiátrico, em regime hospitalar ou ambulatorial;11818;A
12001;Inclusão em programa de auxílio, orientação e tratamento a alcoólatras e toxicômanos;11818;A
12002;Acolhimento institucional;11818;A
12003;Inclusão em programa de acolhimento familiar;11818;A
12004;Colocação em família substituta;11818;A
12005;Outras medidas de proteção;11818;A
12006;Evasão Escolar;9964;A
12007;Exploração Sexual ou Prostituição;9964;A
12008;Crimes da Lei do Planejamento Familiar;3603;A
12009;Roubo qualificado;9674;A
12010;Da Lei do Planejamento Familiar;9847;A
12011;Crimes Sobre Produção, Comércio e Transporte Clandestino de Açúcar e Álcool;3603;A
12012;Sobre Produção, Comércio e Transporte Clandestino de Açúcar e Álcool;9847;A
12013;Crime Relacionado à Exportação de Bens Sensíveis e Serviços Diretamente Relacionados;3603;A
12014;Relacionado à Exportação de Bens Sensíveis e Serviços Diretamente Relacionados;9847;A
12015;Crime da Lei Sobre Permissão de Lavra Garimpeira;3603;A
12016;da Lei Sobre Permissão de Lavra Garimpeira;9847;A
12017;Crimes da Lei que Proíbe Práticas Discriminatórias para Efeitos Trabalhistas;3603;A
12018;Da Lei que Proíbe Práticas Discriminatórias para Efeitos Trabalhistas;9847;A
12019;Crimes da Lei de Proteção à Propriedade Intelectual de Programa de Computador;3603;A
12020;Da Lei de Proteção à Propriedade Intelectual de Programa de Computador;9847;A
12021;Crimes da Lei de Locação de Imóveis Urbanos;3603;A
12022;Da Lei de Locação de Imóveis Urbanos;9847;A
12023;Crimes da Lei Geral da Copa;3603;A
12024;Da Lei Geral da Copa;9847;A
12027;Composição Civil;4263;A
12030;Internação Compulsória;10688;A
12031;Desapropriação para Regularização de Comunidade Quilombola / Dec. 4887/2003;10120;A
12042;Análise de Crédito;7779;A
12044;Registro de Candidatura - DRAP Partido/Coligação;11615;A
12045;Prestação de Contas;11583;A
12046;Prestação de Contas - De Candidato;12045;A
12047;Prestação de Contas - De Comitê Financeiro;12045;A
12048;Prestação de Contas - De Exercício Financeiro;11747;A
12049;Impugnação;11583;A
12050;Impugnação - Identidade de Eleitor Admitido a Votar;12049;A
12051;Impugnação - Inscrição Eleitoral;12049;A
12052;Impugnação - Nomeação de Membro da Junta Eleitoral;12049;A
12053;Impugnação - Nomeação de Membro da Mesa Receptora;12049;A
12054;Impugnação - Sistema Eletrônico de Votação;12049;A
12055;Impugnação - Transferência de Domicílio Eleitoral;12049;A
12056;Impugnação - Voto por Cédula;12049;A
12062;Captação ou Gasto Ilícito de Recursos Financeiros de Campanha Eleitoral;11716;A
12063;Conduta Vedada ao Agente Público;11716;A
12064;Meios Processuais;11428;A
12069;Prestação de Contas - de Partido Político;11747;A
12090;Perda ou Modificação de Guarda;9964;A
12091;Feminicídio;3369;A
12130;Homicídio Agravado pela Prática de  Extermínio de Seres Humanos;3369;A
12131;Homicídio Agravado pelo Extermínio de Seres Humanos;9635;A
12155;Suspensão do Poder Familiar;11986;A
12156;Extinção do Poder Familiar;11986;A
12157;Internação Provisória;10688;A
12159;Registro de Ocorrência pela PM;1209;A
12160;Requerimento de Reintegração de Posse;10670;A
12161;Requerimento de Apreensão de Veículo;10670;A
12162;Cremação/Traslado;7673;A
12194;Contra a Mulher;5560;A
12195;Contra pessoas não identificadas como mulher;5560;A
12196;Contra a mulher;9647;A
12197;Contra pessoas não identificadas como mulher;9647;A
12216;Seguro-defeso ao pescado artesanal profissional;6094;A
12217;Terrorismo;287;A
12218;Atos de Terrorismo;12217;A
12219;Organização Terrorista;12217;A
12220;Preparação de ato terrorista;12217;A
12221;Manutenção ou financiamento do terrorismo;12217;A
12235;Tutela;5626;A
12236;Nomeação;12235;A
12237;Dispensa;12235;A
12238;Remoção;12235;A
12241;Curatela;5626;A
12242;Levantamento;12241;A
12243;Remoção;12241;A
12244;Dispensa;12241;A
12245;Nomeação;12241;A
12333;Crimes previstos na Lei da Organização Criminosa;287;A
12334;Promoção, constituição, financiamento ou integração de Organização Criminosa;12333;A
12335;Crimes ocorridos na investigação da prova;12333;A
12336;Revelação de identidade, fotografia ou filmagem do colaborador;12335;A
12337;Imputação falsa de prática de infração penal ou revelação inverídica sobre estrutura de organização criminal;12335;A
12338;Descumprimento de determinação de sigilo;12335;A
12339;Recusa ou omissão de dados cadastrais, registros, documentos e informações;12335;A
12340;Provocação de tumulto ou conduta inconveniente;3692;A
12341;Apadrinhamento de Criança ou Adolescente;9964;A
12342;Crimes cometidos contra autoridade ou agente descrito nos arts. 142 e 143 da Constituição Federal, integrantes do sistema prisional e da Força Nacional de Segurança Pública;287;A
12343;Fabrico, comércio ou detenção de arma branca ou munição;3692;A
12344;Porte de arma (branca);3692;A
12345;Vias de fato;3692;A
12346;Omissão de cautela na guarda ou condução de animal;3692;A
12347;Perturbação do trabalho ou do sossego alheios;3692;A
12348;Simulação de Qualidade de Funcionário;3692;A
12349;Uso ilegítimo de uniforme ou distintivo;3692;A
12350;Jogo de azar;3692;A
12351;Loteria não autorizada;3692;A
12352;Jogo do bicho;3692;A
12353;Servir bebidas alcóolicas a vulneráveis;3692;A
12354;Perturbação da tranquilidade;3692;A
12355;Omissão de comunicação de crime;3692;A
12356;Recusa de dados sobre a própria identificação ou qualificação;3692;A
12358;Feminicídio;9635;A
12360;Matéria Administrativa;11557;A
12361;Proposta de Alteração de Resolução;11572;A
12362;Autorização de Divulgação de Publicidade Institucional;11583;A
12363;Cancelamento de Registro de Candidatura;11615;A
12364;Debate Eleitoral;11583;A
12365;Enquete;11583;A
12366;Execução - Cumprimento de Sentença;11729;A
12367;Fundo Partidário;11747;A
12368;Registro de Partido Político;11747;A
12378;Aposentadoria compulsória (art. 42, V, Lei Complementar 35/1979);10191;A
12379;Remoção Compulsória;10193;A
12380;Aposentadoria Compulsória;10198;A
12381;Remoção Compulsória;10200;A
12382;Fusão de Partidos Políticos;11747;A
12383;Perda por crime contra titular do mesmo poder ou descendente (L. 13.715/2018);12156;A
12384;Importunação Sexual;9740;A
12385;Divulgação de cena de estupro, sexo ou pornografia;9740;A
12392;Inelegibilidade - Renúncia a cargo político na pendência de representação ou petição que possa levar a outra causa de inelegibilidade;11595;A
12393;Inelegibilidade - Exclusão do exercício de profissão;11595;A
12395;Inelegibilidade - Aposentadoria Compulsória ou PAD (magistrados e membros do MP);11595;A
12396;Inelegibilidade - Demissão do serviço público;11595;A
12397;Importunação Sexual;3463;A
12398;Divulgação de cena de estupro, sexo ou pornografia;3463;A
12399;Aposentadoria Híbrida (Art. 48/106);6096;A
12400;Nulidade - Ausência de publicidade de decisão;8919;A
12401;Nulidade - Ausência de Fundamentação de Decisão;8919;A
12402;Nulidade - Impedimento;8919;A
12403;Nulidade - Suspeição;8919;A
12404;Nulidade - Ausência de Nome das Partes;8919;A
12405;Nulidade - Ausência de Identificação de Advogado ou de Sociedade de Advogados;8919;A
12406;Nulidade - Ausência de Intimação do Ministério Público;8919;A
12407;Nulidade - Citação Sem Observância das Prescrições Legais;8919;A
12410;Nulidade - Intimação Sem Observância das Prescrições Legais;8919;A
12411;Nulidade - Título Extrajudicial Não Correspondente a Obrigação Certa, Líquida e Exigível ;8919;A
12412;Nulidade - Ausência de Citação ;8919;A
12413;Nulidade - Execução Instaurada Antes de Condição ou Termo;8919;A
12414;Ausência de Legitimidade para a Causa;10736;A
12415;Poderes, Deveres e Responsabilidades do Juiz;8884;A
12416;Tutela de Urgência;9192;A
12417;Tutela de Evidência;9192;A
12418;Revisão de Tutela Antecipada Antecedente;9192;A
12419;Provas em geral;8990;A
12420;Tempestividade;9060;A
12426;Proposta de Nova Resolução;11572;A
12460;Corregedoria Eleitoral;11428;A
12461;Correição ordinária;12460;A
12462;Correição extraordinária;12460;A
12463;Providência;9997;A
12467;QUESTÕES DE ALTA COMPLEXIDADE, GRANDE IMPACTO E REPERCUSSÃO;0;A
12468;Barragem em Brumadinho;12467;A
12469;Incêndio Boate Kiss;12467;A
12470;Barragem em Mariana;12467;A
12471;Auditores Fiscais em Unaí;12467;A
12480;DIREITO DA SAÚDE;0;A
12481;Pública;12480;A
12482;Suplementar;12480;A
12483;Internação/Transferência Hospitalar;12481;A
12484;Fornecimento de medicamentos;12481;A
12485;Fornecimento de insumos;12481;A
12486;Planos de saúde;12482;A
12487;Fornecimento de medicamentos;12486;A
12488;Reajuste contratual;12486;A
12489;Tratamento médico-hospitalar;12486;A
12490;Fornecimento de insumos;12486;A
12491;Tratamento médico-hospitalar;12481;A
12492;Registrado na ANVISA;12484;A
12493;Sem registro na ANVISA;12484;A
12494;Padronizado;12492;A
12495;Não padronizado;12492;A
12496;Oncológico;12484;A
12497;Curativos/Bandagem;12485;A
12498;Cadeira de rodas / cadeira de banho / cama hospitalar;12485;A
12499;Fraldas;12485;A
12500;Consulta;12491;A
12501;Cirurgia;12491;A
12502;Eletiva;12501;A
12503;Urgência;12501;A
12504;Diálise/Hemodiálise;12491;A
12505;Leito de enfermaria / leito oncológico;12483;A
12506;Unidade de terapia intensiva (UTI) / unidade de cuidados intensivos (UCI);12483;A
12507;Mental;12480;A
12508;Internação compulsória;12507;A
12509;Internação involuntária;12507;A
12510;Internação voluntária;12507;A
12511;Sistema Único de Saúde (SUS);12481;A
12512;Convênio médico com o SUS;12511;A
12513;Financiamento do SUS;12511;A
12514;Reajuste da tabela do SUS;12511;A
12515;Repasse de verbas do SUS;12511;A
12516;Ressarcimento do SUS;12511;A
12517;Terceirização do SUS;12511;A
12518;Controle Social e Conselhos de Saúde;12511;A
12519;Vigilância Sanitária e Epidemológica;12481;A
12520;Genética / Células Tronco;12480;A
12521;Doação e transplante de órgãos, tecidos ou partes;12480;A
12542;Real;3397;A
12543;Preconceituosa;3397;A
12544;Simples;3397;A
12545;Simples;9658;A
12546;Real;9658;A
12547;Preconceituosa;9658;A
12563;Alistamento Eleitoral - Estrangeiro;11574;A
12564;Alistamento Eleitoral - Fraude;11574;A
12565;Coincidência Biométrica;11574;A
12566;Ausência ou Abandono aos Trabalhos Eleitorais;11583;A
12568;Pedido de Dispensa de Convocação para Trabalhos Eleitorais;11583;A
12569;Dados Pessoais;12460;A
12570;Perda;12460;A
12571;Pluralidade de Inscrições;12460;A
12574;Regularização da Base de Perda e Suspensão (BPSDP);12460;A
12575;Regularização de Histórico;12460;A
12576;Regularização de Histórico - Exclusão de Códigos de ASE;12575;A
12577;Regularização de Histórico - Retificação de Data de Ocorrência, Motivo/Forma, Complemento e Situação;12575;A
12578;Regularização de Histórico - Lançamento de Códigos de ASE;12575;A
12579;Regularização de Histórico - Retificação de Dados Pessoais;12575;A
12580;Regularização de Histórico - Cancelamento por Equívoco;12575;A
12581;Reversão de Operação;12460;A
12582;Reversão de Operação - Revisão Equivocada;12581;A
12583;Reversão de Operação - Transferência Equivocada;12581;A
12584;Revogação;12460;A
12585;Reversão de Desfiliação;11759;A
12586;Filiação Partidária - Lista Especial;11755;A
12587;Inspeção das Rotinas Administrativas;10015;A
12588;Crimes Conexos;287;A
12589;Apuração de Irregularidade no Serviço Público;10279;A
12590;Apuração de Irregularidade na Conduta Funcional;11562;A
12591;Assegurar Conhecimento de Informações Relativas à Pessoa do Impetrante;11702;A
12592;Direito Líquido e Certo;11702;A
12593;Impugnação de Ato Judicial;11702;A
12594;Inviabilidade do Exercício dos Direitos e Liberdades Constitucionais;11702;A
12595;Inviabilidade do Exercício das Prerrogativas Inerentes à Nacionalidade, à Soberania e à Cidadania;11702;A
12596;Retificação de Dados;11702;A
12597;Candidatura Fictícia;11716;A
12598;Requerimento de Regularização da Situação de Inadimplência de Prestação de Contas;11428;A
12599;Requerimento de Acesso ao Sistema Interno de Controle e Dados de Pesquisas Eleitorais;11428;A
12600;Candidato Eleito;11584;A
12601;Candidato Não-Eleito;11584;A
12602;Prestação de Contas - de Partido Político;12045;A
12603;Revisão de Eleitorado;11428;A
12604;Revisão de Eleitorado - Cadastramento Biométrico;12603;A
12605;Revisão de Eleitorado - Depuração de Cadastro;12603;A
12612;COVID-19;12467;A
12620;Migrantes e Refugiados;12467;A
12634;Apropriação Indébita Eleitoral;11467;A
12635;Propaganda Política - Propaganda Eleitoral - Divulgação de Notícia  Sabidamente Falsa;11652;A
12636;Propaganda Política - Propaganda Eleitoral - Telemarketing;11652;A
12637;Propaganda Política - Propaganda Eleitoral - Redes Sociais;11652;A
12638;Propaganda Política - Propaganda Eleitoral - Impulsionamento;11652;A
12639;Propaganda Política - Propaganda Eleitoral - Aplicativo de Mensagem Instantânea;11652;A
12640;Arquivamento de Procedimento Investigatório Criminal - PIC-MP;10604;A
12641;Reversão de Operação - Segunda Via;12581;A
12642;Processamento de Recurso Contra Expedição de Diploma;11557;A
12643;Processamento de Lista Tríplice;11565;A
12644;Requerimentos Relativos ao Horário Eleitoral Gratuito;11669;A
12645;Autos Suplementares;11428;A
12725;Regularização de Contas Eleitorais;11692;A
12726;Regularização de Contas Anuais;11747;A
12731;Transação Penal;7942;A
12732;Suspensão Condicional de Processo;7942;A
12734;DIREITO ASSISTENCIAL;0;A
12754;Auxílio Emergencial (Lei 13.982/2020);12734;A
12755;Direito Coletivo;12943;A
12756;Interesses ou Direitos Difusos;12755;A
12757;Interesses ou Direitos Coletivos em Sentido Estrito;12755;A
12758;Interesses ou Direitos Individuais Homogêneos;12755;A
12770;Obras Públicas;10421;A
12771;Reconhecimento de Paternidade/Maternidade Socioafetiva;7725;A
12772;Anúncio de Processo, Substância ou Objeto Destinado a Provocar Aborto ;3692;A
12773;Internação Não Autorizada em Estabelecimento Psiquiátrico;3692;A
12774;Custódia de Doente Mental Sem Autorização do Responsável;3692;A
12775;DIREITO À EDUCAÇÃO;0;A
12793;Educação Básica;12775;A
12794;Permanência;12775;A
12795;Acesso;12775;A
12796;Educação Especial;12775;A
12797;Qualidade;12775;A
12798;Avaliação e Controle;12775;A
12799;Gestão;12775;A
12800;Valorização do Magistério e dos Profissionais da Educação ;12775;A
12801;Financiamento;12775;A
12802;Planos Decenais;12775;A
12803;Vaga;12795;A
12804;Processo Seletivo;12795;A
12805;Acesso sem Conclusão do Ensino Médio;12795;A
12806;Convalidação de Estudos e Reconhecimento de Diploma;12795;A
12807;Transferência Discente;12795;A
12808;Cobrança de Taxa de Matrícula;12795;A
12809;Cota para Ingresso - Ações Afirmativas;12795;A
12810;Itinerários Formativos;12795;A
12811;Autorização e Reconhecimento de Cursos;12798;A
12812;Credenciamento e Recredenciamento;12798;A
12813;Enade;12798;A
12814;Autorização de Funcionamento/Fiscalização de Estabelecimentos de Ensino;12798;A
12815;Ensino Médio Regular;12793;A
12816;Educação Fundamental Regular - Anos Finais;12793;A
12817;Educação Fundamental Regular - Anos Iniciais;12793;A
12818;Educação Infantil - Creche;12793;A
12819;Educação Infantil - Pré-Escola;12793;A
12820;EJA - Ensino Médio;12793;A
12821;EJA - Ensino Fundamental - Anos Iniciais;12793;A
12822;EJA - Ensino Fundamental - Anos Finais;12793;A
12823;Sistema Socioeducativo;12793;A
12824;Indígenas;12793;A
12825;Quilombolas;12793;A
12826;Ensino Noturno;12793;A
12827;Profissionais de Apoio;12796;A
12828;Sala de Recursos Multifuncionais;12796;A
12829;Institucionalização Pedagógica do Atendimento Educacional Especializado;12796;A
12830;Acessibilidade Física;12796;A
12831;Material Didático Especializado, Tecnologias Assistivas e Suporte;12796;A
12832;Educação Superior;12775;A
12833;Graduação (Bacharelado, Licenciatura, Profissional Tecnológica);12832;A
12834;Pós-Graduação;12832;A
12835;Ensino à Distância;12775;A
12837;Despesa;12801;A
12838;Manutenção e Desenvolvimento do Ensino;12837;A
12839;Estatutos e Regimentos - Regras de Convivência e Sanções Disciplinares;12799;A
12840;Autonomia da Instituição de Ensino;12799;A
12841;Mensalidades;12794;A
12842;Expedição de Diplomas e Omissão na Entrega das Notas;12794;A
12843;Programas de Bolsas e Financiamento Estudantil com Recursos Públicos ;12794;A
12844;Fies;12843;A
12845;Prouni;12843;A
12846;Outros;12843;A
12848;Evasão e Abandono;12794;A
12849;Programas de Assistência Estudantil - Alimentação, Moradia, Creche, Transporte ;12794;A
12850;Plano Municipal de Educação;12802;A
12851;Processo de Elaboração;12850;A
12852;Distorção de Série/Idade;12797;A
12853;Exames de Certificação - Diploma;12797;A
12854;Infrequência Escolar;12797;A
12855;Transporte;12797;A
12856;Material Didático;12797;A
12857;Bullying, Violência e Discriminação;12797;A
12858;Formação Técnica Profissional;12797;A
12859;Período Integral;12797;A
12860;Quantidade de Alunos por Sala;12797;A
12861;Relações Étnico-Raciais;12797;A
12862;Alimentação Escolar;12797;A
12863;Regime Hospitalar ou Domiciliar durante Período de Internação;12797;A
12864;Infraestrutura;12797;A
12865;Estudos de Recuperação;12797;A
12866;Jornada de Trabalho;12800;A
12867;Carga Horária de Aulas/Processo de Atribuição de Aulas e Classes;12866;A
12868;Absenteísmo Docente;12800;A
12869;Licenças;12868;A
12870;Faltas;12868;A
12871;Licença Saúde;12869;A
12872;Outras Licenças;12869;A
12873;Faltas Justificadas;12870;A
12874;Faltas não Justificadas;12870;A
12875;Aposentadoria Especial;12800;A
12876;Espécies de Vínculo de Trabalho;12800;A
12877;Contrato Temporário;12876;A
12878;Estatutário;12876;A
12879;Ensino à Distância;12800;A
12880;Certificação;12879;A
12881;Plano de Carreira;12800;A
12882;Progressão;12881;A
12883;Certificação;12881;A
12884;Concurso de Ingresso;12881;A
12885;Remuneração;12800;A
12887;Piso Salarial;12885;A
12888;Greve;12800;A
12889;Contrato Temporário;12888;A
12890;Outros;12888;A
12891;Formação;12800;A
12892;Continuada;12891;A
12893;Ausência de Vaga;12803;A
12894;Corte Etário;12803;A
12895;Acesso Próximo do Domicílio;12803;A
12896;Matrícula de Irmãos na Mesma Escola;12803;A
12897;Prioridade de Matrícula para Alunos com Deficiência;12803;A
12899;Vestibular;12804;A
12900;Acessibilidade;12899;A
12901;Outros;12899;A
12902;Exames Oficiais para Ingresso - Enem;12804;A
12903;Acessibilidade;12902;A
12904;Outros;12902;A
12905;Outros;12804;A
12906;Acessibilidade;12905;A
12907;Outros;12905;A
12908;Militar;12807;A
12909;Outras;12807;A
12910;Formação Técnica e Profissional;12810;A
12911;Itinerários Formativos do Ensino Médio;12810;A
12912;Taxa de Inscrição;12902;A
12913;Taxa de Inscrição;12905;A
12914;Taxa de Inscrição;12899;A
12915;Sistema Prisional;12793;A
12916;Plano Estadual de Educação;12802;A
12917;Plano Nacional de Educação;12802;A
12918;Processo de Elaboração;12917;A
12919;Processo de Elaboração;12916;A
12920;Residência Médica;12797;A
12921;Penalidades Disciplinares;12799;A
12922;Omissão na Entrega de Notas;12797;A
12924;Jubilamento de Aluno;12799;A
12925;Financiamento Privado do Ensino Superior e/ou Pesquisa;12801;A
12926;Exigência de Estágio Profissionalizante;12797;A
12927;Currículo Escolar;12797;A
12928;Colisão de Horário;12797;A
12929;Colação de Grau;12794;A
12930;Cursos Extracurriculares;1156;A
12931;Cobrança;12930;A
12932;Mensalidades;12931;A
12933;Ação Rescisória ;8826;A
12934;Acordo Extrajudicial ;8826;A
12935;Bem de Família Legal;899;A
12936;Direito Individual do Trabalho ;864;A
12937;Direitos da Personalidade ;899;A
12938;Imunidade de Jurisdição e de Execução - Pessoas Jurídicas de Direito Internacional ;6191;A
12939;Lei do Pavilhão - Trabalho a Bordo de Navio de Cruzeiros Marítimos ;6191;A
12940;Mandado de Segurança ;8826;A
12941;Penalidades Processuais ;8826;A
12942;Prescrição e Decadência no Direito do Trabalho ;864;A
12943;Processo Coletivo ;8826;A
12944;Processo e Procedimento da Corregedoria ;8826;A
12946;Ação Civil Pública ;12943;A
12947;Antecipação de Tutela / Recebimento como Cautelar ;12933;A
12948;Anulação / Nulidade de Ato ou Negócio Jurídico ;12936;A
12949;Arbitragem e Mediação no Direito Coletivo ;1695;A
12950;Arbitragem e Mediação no Direito Individual do Trabalho ;12936;A
12951;Arquivamento ;8938;A
12952;Ato Atentatório à Dignidade da Justiça ;12941;A
12954;Ausência Injustificada de Testemunha ;12941;A
12955;Autenticação ;12940;A
12957;Cabimento ;12933;A
12958;Cabimento ;12940;A
12959;Cadastro Reserva ;10370;A
12960;Capacidade Civil ;12936;A
12961;Comissão de Representantes dos Empregados ;12936;A
12962;Competência ;12940;A
12963;Condições da Ação ;8938;A
12964;Condutas Antissindicais ;1695;A
12965;Conflito de Competência ;8828;A
12966;Consulta ;12944;A
12967;Contestação ;12933;A
12968;Correição Parcial ;12944;A
12969;Decadência ;12942;A
12970;Decadência ;12933;A
12971;Decisão Rescindenda ;12933;A
12972;Depósito Prévio ;12933;A
12973;Depósito Prévio de Multa Administrativa ;12940;A
12974;Desconsideração da Personalidade Jurídica ;9148;A
12975;Descontos Fiscais ;12936;A
12976;Descontos Previdenciários ;12936;A
12977;Descumprimento de Obrigações de Auxiliares da Justiça ;12941;A
12978;Desistência da Ação ;8938;A
12979;Devolução / Entrega de Objetos / Documentos ;12936;A
12980;Direito de Empresa ;7681;A
12981;Direito de Greve ;1695;A
12982;Documento Novo ;12933;A
12983;Dolo ou Colusão entre as Partes ;12933;A
12984;Emenda a Inicial ;12940;A
12985;Erro de Fato ;12933;A
12986;Exceção de Incompetência Territorial ;9148;A
12987;Execução de Ofício ;9148;A
12988;Execução de Título Extrajudicial ;9148;A
12989;Execução Fiscal ;9148;A
12991;Execução Provisória ;9148;A
12992;Falsidade de Prova ;12933;A
12993;Hipoteca Judiciária ;9148;A
12994;Homologação Judicial - Requisitos ;12934;A
12995;Honorários Advocatícios ;12933;A
12996;Impossibilidade Jurídica do Pedido ;12933;A
12998;Incidente de Desconsideração da Personalidade Jurídica ;8842;A
12999;Inscrição no Banco Nacional de Devedores Trabalhistas - BNDT ;9148;A
13000;Intimação ;8875;A
13001;Invalidação de Confissão, Desistência ou Transação ;12933;A
13002;Juiz Impedido / Absolutamente Incompetente ;12933;A
13003;Legitimidade ;8875;A
13004;Legitimidade - Autoridade Coatora ;12940;A
13005;Legitimidade Ativa ;12933;A
13007;Mandado de Segurança Coletivo ;12943;A
13008;Multa do Art. 475-J do CPC ;12941;A
13009;Multa por Agravo Inadmissível ou Infundado ;12941;A
13010;Multa por Descumprimento de Ordem Judicial ;12941;A
13011;Multa por ED Protelatórios ;12941;A
13012;Multa por Improbidade Testemunhal ;12941;A
13013;Negociação Coletiva Trabalhista ;1695;A
13014;Obrigação de Dar ;9148;A
13015;Ofensa à Coisa Julgada ;12933;A
13016;Organização Sindical ;1695;A
13017;Pedido de Liminar ;12940;A
13018;Pedido de Providências ;12944;A
13019;Penhora de Salário / Proventos ;12940;A
13020;Peticionamento Eletrônico ;8960;A
13021;Poder Normativo ;1695;A
13022;Prazo / Contagem do Prazo ;8875;A
13023;Prazo Decadencial ;12940;A
13024;Preclusão / Coisa Julgada ;9148;A
13025;Pressuposto Processual ;12933;A
13026;Pressupostos Processuais ;8938;A
13027;Prevaricação / Concussão / Corrupção do Juiz ;12933;A
13028;Processo de Alçada ;9045;A
13029;Processo Judicial Eletrônico - PJe ;8960;A
13030;Pronunciamento Explícito (Prequestionamento) ;12933;A
13031;Protesto de Crédito Trabalhista ;9148;A
13032;Prova Pré-constituída ;12940;A
13033;Reclamação Disciplinar ;12944;A
13034;Reexame de Fatos e Provas ;12933;A
13035;Reiteração ;12940;A
13036;Remessa Necessária ;9045;A
13038;Revelia / Confissão ;12933;A
13039;Ritos ;8960;A
13040;Sentença de Recusa da Homologação ;12934;A
13041;Trabalho com Proteção Especial ;12936;A
13042;Transcendência ;12940;A
13043;Violação Literal à Disposição de Lei ;12933;A
13044;Abusividade / Ilegalidade;12981;A
13045;Ação Anulatória ;11786;A
13047;Ação Rescisória ;12958;A
13048;Acordo e Convenção Coletivos de Trabalho ;13013;A
13050;Acordo Homologado/Efeitos ;13001;A
13051;Adequação da Ação / Procedimento ;12963;A
13052;Adicional de Qualificação ;10288;A
13053;Adjudicação ;9180;A
13062;Anotação na CTPS ;10686;A
13063;Anulação de Constituição de Sindicato ;13016;A
13065;Arbitragem ;13026;A
13066;Arbitramento / Majoração ;8934;A
13067;Arrematação ;9180;A
13068;Assinatura Eletrônica / Digital ;8868;A
13070;Astreintes ;12946;A
13071;Ato Contrário à Boa Ordem Processual ;12968;A
13072;Ato que Importe em Atentado a Fórmulas Legais de Processo ;12968;A
13074;Atribuições e Competências ;12961;A
13076;Autenticação ;13007;A
13077;Autoridade Coatora ;13007;A
13079;Auxílio Moradia ;10288;A
13080;Avaliação / Reavaliação ;9163;A
13081;BACEN JUD / Frustração da Ordem Judicial de Bloqueio ;13018;A
13085;Bloqueio / Desbloqueio de Valores ;8961;A
13087;Cabimento ;13007;A
13088;Cabimento / Interesse Processual ;12946;A
13089;Cerceamento de Defesa ;8919;A
13091;Chamamento ao Processo ;8859;A
13093;Cláusula Penal ;10686;A
13094;Coisa Julgada ;13026;A
13097;Compensação de Reajustes Concedidos ;10672;A
13098;Competência ;13007;A
13099;Competência Funcional ;8829;A
13100;Competência Territorial ;8829;A
13101;Competência Territorial ;12946;A
13105;Comprovação de Repasse de Contribuição ;13016;A
13109;Conexão ;8829;A
13111;Conselhos Regionais de Fiscalização Profissional e Afins ;10015;A
13112;Constituição e Composição ;12961;A
13114;Contagem - Dias Úteis ;8928;A
13116;Contradição entre Fundamentação e Dispositivo ;12985;A
13121;Contribuições Previdenciárias ;12987;A
13128;Criação de Sindicato - Desmembramento ;13016;A
13129;Custas / Emolumentos ;9149;A
13132;Classificação e Organização de Documentos no Sistema ;13029;A
13133;Decisão Judicial ;12958;A
13134;Pessoa com Deficiência ;13041;A
13135;Denunciação da Lide ;8859;A
13140;Dispensa de Penhora - Entidades Filantrópicas e Seus Diretores ;9163;A
13142;Diversos ;13018;A
13145;Dupla Fundamentação da Decisão Rescindenda ;13043;A
13146;Dúvidas Apresentadas pelos Tribunais Regionais, seus Órgãos / Integrantes ;12966;A
13148;Decisão Homologatória ;12957;A
13149;Efeito Suspensivo a Recurso ;8961;A
13150;Embargos de Terceiro ;11786;A
13151;Emenda a Inicial ;13007;A
13155;Enquadramento Sindical ;13016;A
13157;Entes Públicos ;8873;A
13159;Erros / Abusos ;12968;A
13161;Estado Estrangeiro ;8838;A
13162;Estatuto Social da Empresa ;8868;A
13164;Excesso de Penhora ;9163;A
13168;Extrajudicial ;12948;A
13170;Falência ;8939;A
13176;Forma de Cálculo ;12975;A
13177;Forma de Cálculo ;12976;A
13179;Garantias Sindicais ;13016;A
13180;Greve ;8961;A
13184;Honorários na Justiça do Trabalho ;8874;A
13185;Honorários Periciais ;8874;A
13186;Horas Extras ;10287;A
13188;Impedimento ;8888;A
13189;Impenhorabilidade ;9163;A
13190;Imposto de Renda ;9149;A
13191;Incidência em Indenização PDV / PDI ;12975;A
13199;Indígena ;13041;A
13201;Inépcia da Inicial ;8942;A
13206;Interesse Processual ;12963;A
13207;Interpretação e Alcance do Título Executivo ;13015;A
13209;Intervalo ;10287;A
13210;Intimação Via DEJT - Validade ;13029;A
13211;Judicial ;12948;A
13212;Julgamento Extra / Ultra / Citra Petita ;8919;A
13215;Juros de Mora ;12975;A
13216;Juros de Mora ;10672;A
13217;Justificado Receio de Dano Irreparável ou de Difícil Reparação ;12968;A
13218;Legitimidade ;13007;A
13219;Legitimidade Ativa ;12946;A
13220;Lide Simulada ;12983;A
13221;Litispendência ;13026;A
13223;Magistrado não Vitalício ;13033;A
13224;Magistrado Vitalício ;13033;A
13226;Menor ;13041;A
13229;Mulher ;13041;A
13233;Negativa de Prestação Jurisdicional ;8919;A
13234;Nomeação à Autoria ;8859;A
13235;Norma Coletiva ;13013;A
13237;Ônus da Prova ;8990;A
13239;Oposição ;8859;A
13240;Ordem de Preferência ;9163;A
13241;Organismo Internacional ;8838;A
13244;Parte ou Sucessor no Processo da Decisão Rescindenda ;13005;A
13245;Partes Sem Advogados ;12987;A
13248;Pedidos Ilíquidos - Rito Ordinário ;8942;A
13249;Penhora no Rosto dos Autos ;9163;A
13250;Penhora Online / BACEN JUD ;9163;A
13251;Atraso na Audiência ;9024;A
13252;Perempção ;8942;A
13253;Período de Graça ;10672;A
13254;Permuta ;10187;A
13256;Confissão ;9024;A
13257;Prazo / Termo Inicial ;12967;A
13258;Prazo Decadencial ;13007;A
13259;Preposto ;8873;A
13263;Prevenção ;8829;A
13264;Procedimento Sumaríssimo ;13028;A
13265;Processo do Trabalho ;10880;A
13266;Processo Fraudulento ;13001;A
13267;Procurador de Entes Públicos / Autárquicos / Fundacionais ;8868;A
13268;Prorrogação ;8928;A
13269;Prova do Trânsito em Julgado da Decisão Rescindenda ;13025;A
13270;Insuficiência do Depósito ;12972;A
13271;Prova Pré-constituída ;13007;A
13276;Receitas Sindicais ;13016;A
13277;Recuperação Judicial ;8939;A
13278;Reforço de Penhora ;9163;A
13280;Registro de Entidade Sindical ;13016;A
13282;Pessoa Jurídica de Direito Público ;9024;A
13284;Remessa Ex-Officio ;12958;A
13285;Renúncia Parcial ;10673;A
13287;Representação Processual ;13025;A
13288;Regularidade de Apresentação de Peças ;13020;A
13290;Responsabilidade ;12975;A
13291;Responsabilidade ;12976;A
13292;Pressupostos Extrínsecos ;9098;A
13294;Repetição da Prova ;8990;A
13295;Revisão ;10250;A
13297;Seguro-Garantia Judicial ;9163;A
13298;Sentença de Liquidação ;12957;A
13299;Sentença Normativa ;13021;A
13300;Sentença Normativa - Modificação ;13015;A
13303;Substituição de Penhora ;9163;A
13304;Suspeição ;8888;A
13305;Suspensão / Interrupção ;8928;A
13306;Suspensão da Execução ;8961;A
13307;Tácito ;8868;A
13310;Temas repetitivos / Repercussão Geral ;8939;A
13311;Terceiro Juridicamente Interessado ;13005;A
13312;Termo de Ajustamento de Conduta - TAC ;12946;A
13313;Termo de Conciliação Prévia ;12988;A
13314;Termo Inicial do Prazo ;12970;A
13318;Conversão dos Autos Físicos em Eletrônicos - Responsabilidade ;13029;A
13319;Tutela Inibitória (Obrigação de Fazer e Não Fazer) ;12946;A
13320;Contrariedade a Súmula ;12957;A
13322;Vício de Consentimento ;13001;A
13323;Vitaliciamento ;10187;A
13329;Acordo Prévio / Quitação Geral ;13148;A
13342;Adjudicação / Arrematação / Cálculos ;13148;A
13343;Agente / Viajante Comercial ;13100;A
13345;Anulação/Nulidade ;13235;A
13346;Aplicabilidade ;13299;A
13347;Aplicabilidade/Cumprimento ;13235;A
13348;Artigo 896, § 1° - A, CLT ;13306;A
13350;Assistenciais ;10655;A
13357;Ausência de Justificativa ;13081;A
13359;Auxílio-Alimentação Após a Aposentadoria - Benefício Assegurado em Regulamento da Empresa ;10652;A
13363;Bem de Família ;13189;A
13364;Bem Público ;13189;A
13370;Categoria Econômica ;13155;A
13371;Categoria Profissional ;13155;A
13372;Categoria Profissional Diferenciada ;13155;A
13373;Cessão entre Órgão / Empresa ;13112;A
13378;Complementação de Aposentadoria / Pensão ;10652;A
13379;Comprovação de Saldo Bancário ;13081;A
13385;Contratuais ;10655;A
13386;Contribuições Previdenciárias ;10652;A
13390;Dano Moral / Material ;10652;A
13398;Descontos Fiscais ;10652;A
13399;Desfundamentação ;13306;A
13406;Dispensa / Rescisão do Contrato de Trabalho ;13044;A
13407;Distribuição Dinâmica - Inversão ;13237;A
13412;Eleição ;13112;A
13415;Empregados de Cartórios Extrajudiciais ;10652;A
13420;Equiparação Salarial ;13237;A
13425;Estabilidade do Representante Eleito ;13112;A
13426;Estabilidade Provisória ;13179;A
13427;Exercício das Atividades Fora do Lugar da Celebração do Contrato ;13100;A
13428;Extensão / Prorrogação ;13299;A
13432;Férias / Gozo / Fruição ;13237;A
13434;FGTS ;13237;A
13451;Guias do Seguro Desemprego ;10652;A
13452;Honorários Advocatícios ;10652;A
13456;Inamovibilidade de Dirigente Sindical ;13179;A
13458;Instrumentos de Trabalho ;13189;A
13461;Interdito Proibitório ;10652;A
13462;Interdito Proibitório ;13099;A
13468;Jus Postulandi ;13287;A
13469;Justificada Ausência de Numerário ;13081;A
13470;Levantamento do Depósito Recursal ;13265;A
13471;Levantamento do FGTS ;10652;A
13476;Mandato ;13112;A
13477;Mensalidade Sindical ;13276;A
13478;Ministério Público ;13314;A
13481;Multa Convencional ;13048;A
13483;Multa por Descumprimento de Ordem Judicial ;13044;A
13489;Outras Garantias Oriundas de Normas da OIT ;13179;A
13505;Práticas Procedimentais Contrárias aos Parâmetros Legais ;13142;A
13506;Precatório ;13099;A
13509;Prevalência do Acordo Coletivo sobre a Convenção Coletiva ;13048;A
13510;Prevalência do Negociado Sobre o Legislado ;13235;A
13524;Regularidade de Representação ;13292;A
13525;Relação de Trabalho ;10652;A
13526;Remuneração / Proventos / Pensões e Outros Rendimentos ;13189;A
13528;Revisão ;13299;A
13531;Salário / Pagamento ;13044;A
13537;Sucumbenciais ;10655;A
13540;Suspeição ;10940;A
13541;Suspensão da Cobrança - Devedor Beneficiário de Assistência Judiciária Gratuita ;10655;A
13542;Taxa Referencial - TR x IPCA-E ;10685;A
13543;Taxa SELIC ;10685;A
13544;Tempestividade ;13292;A
13549;Trabalhador Brasileiro no Exterior ;13100;A
13550;Trabalhador Temporário ;13155;A
13551;Trabalhador Terceirizado ;13155;A
13555;Trabalho Externo ;13237;A
13557;Multa por Atraso de Repasse de Contribuição ;13276;A
13559;Vale Transporte ;13237;A
13563;Vigência/Ultratividade ;13235;A
13570;Definitiva / Provisória ;2523;A
13571;Gestante / Adotante ;9487;A
13572;Licença Previdenciária ;9487;A
13573;Licença sem Remuneração ;9487;A
13574;Afastamento Mulher - Lei Maria da Penha ;9487;A
13575;Outras Licenças ;9487;A
13576;Serviço Militar ;9487;A
13600;E-Doc ;13020;A
13601;Fase de Execução ;13028;A
13602;Inexigibilidade / Isenção ;12972;A
13603;Perda de Eficácia ;8961;A
13605;Plano de Saúde ;8961;A
13606;Juntada na Fase Recursal (Fato Novo) ;8990;A
13607;Indisponibilidade do Sistema - Devolução de Prazo ;13029;A
13608;Prova Ilícita ;8990;A
13609;Reintegração de Empregado ;8961;A
13610;Rescisória de Rescisória ;12957;A
13611;Restabelecimento de Pagamento de Vantagem Remuneratória ;8961;A
13612;Reversão para a Parte Contrária ;12972;A
13613;Documental ;8990;A
13614;Alteração da Ordem de Produção ;8990;A
13615;Uso de Sistema de Peticionamento Diverso - Petição Juridicamente Inexistente ;13029;A
13617;Indenização Relacionada ao Exercício do Direito de Greve;12981;A
13618;Interdito Proibitório;12981;A
13619;Eleição de Dirigente Sindical;13016;A
13620;Contribuição Assistencial;13276;A
13621;Contribuição Sindical;13276;A
13622;Contribuição Sindical Rural;13276;A
13623;Representação Sindical;13016;A
13624;Unicidade Sindical;13623;A
13625;Depósito Prévio - Recurso Administrativo;13623;A
13626;Aposentadoria e Pensão;12936;A
13627;Complementação de Aposentadoria/Pensão;13626;A
13628;Abono Previsto em Norma Coletiva/Extensão aos Inativos;13627;A
13629;Auxílio/Cesta Alimentação;13627;A
13630;Caixa de Previdência;13627;A
13631;Cheque Rancho - Integração;13627;A
13632;Especial;13627;A
13633;Fonte de Custeio;13627;A
13634;Gratificação de Contingente e/ou Participação nos Resultados - Avanço de Nível;13627;A
13635;Parcelas Que Integram a Aposentadoria;13627;A
13636;Plano de Incentivo;13627;A
13637;Prêmio;13627;A
13638;Reenquadramento;13627;A
13639;Transação;13636;A
13640;Espontânea;13626;A
13641;Categoria Profissional Especial;12936;A
13642;Administradores;13641;A
13643;Advogados;13641;A
13644;Aeronautas;13641;A
13645;Aeroviários;13641;A
13646;Artistas;13641;A
13647;Assistentes Sociais;13641;A
13648;Bancários;13641;A
13649;Bibliotecários;13641;A
13650;Biólogos;13641;A
13651;Cabineiros de Elevador;13641;A
13652;Contabilistas;13641;A
13653;Corretores de Imóveis;13641;A
13654;Corretores de Seguros;13641;A
13655;Digitadores/Mecanógrafos/Datilógrafos;13641;A
13656;Domésticos;13641;A
13657;Economistas;13641;A
13658;Empregados Portuários;13641;A
13659;Enfermagem/Enfermeiros;13641;A
13660;Engenheiro, Arquiteto e Engenheiro Agrônomo;13641;A
13661;Fisioterapeutas/Terapeutas Ocupacionais;13641;A
13662;Jornalistas;13641;A
13663;Marítimos;13641;A
13664;Médicos;13641;A
13665;Mineiros de Subsolos;13641;A
13666;Músicos Profissionais;13641;A
13667;Professores;13641;A
13668;Psicólogos;13641;A
13669;Publicitários;13641;A
13670;Químicos;13641;A
13671;Radialistas;13641;A
13672;Relações Públicas;13641;A
13673;Rural;13641;A
13674;Secretários;13641;A
13675;Serviços de Telefonia ou Telegrafia;13641;A
13676;Operador de Telemarketing;13641;A
13677;Técnico em Radiologia;13641;A
13678;Petroleiros;13641;A
13679;Vigia e Vigilantes;13641;A
13680;Dedicação Exclusiva;13643;A
13681;Empregados;13643;A
13682;Cargo de Confiança;13648;A
13683;Divisor de Horas Extras;13648;A
13684;Enquadramento;13648;A
13685;Gerentes/Chefia;13648;A
13686;Gratificação;13648;A
13687;Intervalo Intrajornada;13648;A
13688;Sábado/Dia Útil;13648;A
13689;Categoria Diferenciada;13684;A
13690;Financeiras/Equiparação Bancário;13684;A
13691;Empresa de Processamento de Dados;13684;A
13692;isonomia/Diferença Salarial;13684;A
13693;Equiparação Salarial;13655;A
13694;Adicional de Risco;13658;A
13695;Hora Noturna/Hora Extra;13658;A
13696;Piso Salarial;13660;A
13697;Nutricionistas;13641;A
13698;Operadores Cinematográficos;13641;A
13699;Operadores de Carga e Descarga (Estiva e Capatazia);13641;A
13700;Outras Categorias Profissionais;13641;A
13701;Atividade Extraclasse;13667;A
13702;Hora Extra/Adicional;13667;A
13703;Redução Carga Horária;13667;A
13704;Repouso Semanal Remunerado;13667;A
13705;Jornada;13678;A
13706;Ferroviários;13641;A
13707;Contrato Individual de Trabalho;12936;A
13708;Administração Pública;13707;A
13709;Advertência/Suspensão;13707;A
13710;Alteração Contratual ou das Condições de Trabalho;13707;A
13711;Contratação de Reabilitados e Pessoas com Deficiência Habilitadas;13707;A
13712;Contrato em Regime de Tempo Parcial;13707;A
13713;Contrato Intermitente;13707;A
13714;Teletrabalho/Trabalho à Distância/Trabalho em Domicílio;13707;A
13715;Contrato por Prazo Determinado;13707;A
13716;CTPS;13707;A
13717;Enquadramento/Classificação;13707;A
13718;Exame Médico Adminissional/Demissional;13707;A
13719;FGTS;13707;A
13720;inquérito Administrativo - Validade;13707;A
13721;PIS/RAIS - Cadastramento;13707;A
13722;Reconhecimento de Relação de Emprego;13707;A
13723;Reintegração de Posse - Despejo;13707;A
13724;Suspensão/Interrupção do Contrato de Trabalho;13707;A
13725;Unicidade Contratual;13707;A
13726;Cessão entre Órgão/Empresa;13708;A
13727;Contratação em Período Eleitoral;13708;A
13728;Contrato Nulo - Efeitos;13708;A
13729;Contrato Temporário;13708;A
13730;Conversão de Regime Jurídico;13708;A
13731;Terceirização;13708;A
13732;Acúmulo de Função;13710;A
13733;Desvio de Função;13710;A
13734;Reversão/Retorno ao Cargo Efetivo;13710;A
13735;Alteração/Revogação de Regulamento da Empresa;13710;A
13736;Transferência;13710;A
13737;Mudança de Turno;13710;A
13738;Definitiva/Provisória;13736;A
13739;Programa de Assistência Médica - Benefícios;13735;A
13740;Quota Preenchimento;13711;A
13741;Contrato de Experiência - Nulidade;13715;A
13742;Contrato de Safra;13715;A
13743;Contrato de Trabalho Temporário/Provisório;13715;A
13744;Nulidade;13715;A
13745;Anotação/Baixa/Retificação;13716;A
13746;Devolução/Retenção;13716;A
13747;Multa Administrativa por Ausência de Registro;13716;A
13748;Correção Monetária;13719;A
13749;Depósito/Diferenças;13719;A
13750;Levantamento/Liberação;13719;A
13751;Atividades Ilícitas;13722;A
13752;Cooperativa de Trabalho;13722;A
13753;Policial Militar e Civil;13722;A
13754;Trabalho em Condições Análogas  à de Escravo;13722;A
13755;Trabalho sob Aplicativos e/ou  Plataformas Digitais;13722;A
13756;Outras Relações de Emprego;13722;A
13757;Licenças/Afastamentos;13724;A
13758;Gestante/Adotante;13757;A
13759;Licença Previdenciária;13757;A
13760;Licença sem Remuneração;13757;A
13761;Afastamento Mulher - Lei Maria da Penha;13757;A
13762;Outras Licenças;13757;A
13763;Serviço Militar;13757;A
13764;Duração do Trabalho;12936;A
13765;Adicional Noturno;13764;A
13766;Alteração da Jornada;13764;A
13767;Compensação de Jornada;13764;A
13768;Controle de Jornada;13764;A
13769;Horas Extras;13764;A
13770;Horas in Itinere;13764;A
13771;Intervalo Interjornadas;13764;A
13772;Intervalo Intrajornada;13764;A
13773;Repouso Semanal Remunerado e Feriado;13764;A
13774;Sobreaviso/Prontidão/Tempo à Disposição;13764;A
13775;Trabalho Externo;13764;A
13776;Turno Ininterrupto de Revezamento;13764;A
13777;Prorrogação do Horário Noturno;13765;A
13778;Acordo Individual e/ou Coletivo de Trabalho;13766;A
13779;Trabalho em Domicílio/Teletrabalho;13766;A
13780;Acordo Tácito/Expresso;13767;A
13781;Banco de Horas;13767;A
13782;Compensação em Atividade Insalubre;13767;A
13783;Outros Sistemas de Compensação;13767;A
13784;Regime  12x36;13767;A
13785;Vício Formal - Pagamento do Adicional de Horas Extras;13767;A
13786;Cartão de Ponto;13768;A
13787;Adicional de Horas Extras;13769;A
13788;Base de Cálculo;13769;A
13789;Cargo de Confiança;13769;A
13790;Comissionista;13769;A
13791;Contagem de Minutos Residuais;13769;A
13792;Dedução/Abatimento de Horas Extras;13769;A
13793;Divisor;13769;A
13794;Gorjeta;13769;A
13795;Pré-contratação;13769;A
13796;Reflexos;13769;A
13797;Supressão/Redução de Horas Extras/Indenização;13769;A
13798;Supressão/Limitação por Norma Coletiva;13770;A
13799;Adicional de Hora Extra;13772;A
13800;Intervalo  15 Minutos Mulher;13772;A
13801;Jornada Contratual de 6 Horas - Prorrogação;13772;A
13802;Natureza Jurídica da Parcela/Repercussão;13772;A
13803;Redução/Supressão;13772;A
13804;Cálculo/Repercussão;13773;A
13805;Feriado em Dobro;13773;A
13806;Trabalho aos Domingos;13773;A
13807;Hora Noturna Reduzida;13776;A
13808;Previsão de 8 Horas - Norma Coletiva;13776;A
13809;Férias;12936;A
13810;Abono Pecuniário;13809;A
13811;Base de Cálculo;13809;A
13812;Férias Coletivas;13809;A
13813;Fruição/Gozo;13809;A
13814;Indenização/Dobra/Terço Constitucional;13809;A
13815;Outras Relações de Trabalho;12936;A
13816;Aprendizagem;13815;A
13817;Estágio;13815;A
13818;Equipe;13815;A
13819;Cooperado;13815;A
13820;Corretagem;13815;A
13821;Diarista;13815;A
13822;Empreitada;13815;A
13823;Mãe Social;13815;A
13824;Mandato;13815;A
13825;Parceria;13815;A
13826;Representante Comercial Autônomo;13815;A
13827;Trabalhador Autônomo Não Especificado;13815;A
13828;Trabalhador Avulso;13815;A
13829;Trabalhador Eventual;13815;A
13830;Trabalhador Voluntário;13815;A
13831;Verbas Remuneratórias, Indenizatórias e Benefícios;12936;A
13832;Abono;13831;A
13833;Adicional;13831;A
13834;Ajuda de Custo;13831;A
13835;Ajuda Combustível;13831;A
13836;Ajuda Quilometragem;13831;A
13837;Auxílio Creche;13831;A
13838;Cesta Básica;13831;A
13839;Comissões e Percentuais;13831;A
13840;Complementação de Benefício Previdenciário;13831;A
13841;Complemento Temporário Variável de Ajuste ao Piso de Mercado;13831;A
13842;Contribuição de Previdência Privada - Resgate;13831;A
13843;Décimo Terceiro Salário;13831;A
13844;Descontos Salariais - Devolução;13831;A
13845;Diárias;13831;A
13846;Gorjeta;13831;A
13847;Gratificação;13831;A
13848;Gueltas;13831;A
13849;Licenças e Folgas - Conversão em Pecúnia;13831;A
13850;Multa Prevista em Norma Coletiva;13831;A
13851;Participação nos Lucros e Resultados - PLR;13831;A
13852;PIS - Indenização;13831;A
13853;Plano de Saúde;13831;A
13854;Prêmio;13831;A
13855;Quebra de Caixa;13831;A
13856;Restituição/Indenização de Despesas;13831;A
13857;Retribuição por Invenção e Patente;13831;A
13858;Salário/Diferença Salarial;13831;A
13859;Seguro de Vida;13831;A
13860;Sexta Parte;13831;A
13861;Supressão/Redução de Horas Extras Habituais - Indenização;13831;A
13862;Tarefa;13831;A
13863;Auxílio/Tíquete Alimentação;13831;A
13864;Vale Transporte;13831;A
13865;Assiduidade;13832;A
13866;Dedicação Integral;13832;A
13867;Emergência;13832;A
13868;Faltas;13832;A
13869;Outros Abonos;13832;A
13870;Permanência;13832;A
13871;Adicional de Antiguidade;13833;A
13872;Adicional de Caráter Pessoal;13833;A
13873;Adicional de Confinamento;13833;A
13874;Adicional de Dedicação Integral;13833;A
13875;Adicional de Insalubridade;13833;A
13876;Adicional de Penosidade;13833;A
13877;Adicional de Periculosidade;13833;A
13878;Adicional de Produtividade;13833;A
13879;Adicional de Risco;13833;A
13880;Adicional de Transferência;13833;A
13881;Outros Adicionais;13833;A
13882;Base de Cálculo;13875;A
13883;Lixo Urbano;13875;A
13884;Óleos Minerais;13875;A
13885;Outros Agentes Insalubres;13875;A
13886;Raios Solares;13875;A
13887;Armazenamento de Líquido Inflamável;13877;A
13888;Base de Cálculo;13877;A
13889;Cumulação com Adicional de Insalubridade;13877;A
13890;Eletricitário;13877;A
13891;Hora Extra - Integração;13877;A
13892;Percentual Inferior ao Legal - Norma Coletiva;13877;A
13893;Radiação Ionizante ou Substância Radioativa;13877;A
13894;Tempo de Exposição;13877;A
13895;Desconto Assistencial;13844;A
13896;Desconto por Dano - Norma Coletiva;13844;A
13897;Desconto Sindical;13844;A
13898;Frentista - Devolução de Cheque;13844;A
13899;Outros Descontos Salariais;13844;A
13900;Previ e Cassi/BB;13844;A
13901;Seguro de Vida;13844;A
13902;Integração ao Salário;13845;A
13903;Natureza Jurídica da Parcela - Repercussão;13846;A
13904;Gratificação Ajustada;13847;A
13905;Gratificação Anual;13847;A
13906;Gratificação de Aposentadoria;13847;A
13907;Gratificação de Caixa;13847;A
13908;Gratificação de Farmácia;13847;A
13909;Gratificação de Férias;13847;A
13910;Gratificação de Função;13847;A
13911;Gratificação por Tempo de Serviço;13847;A
13912;Gratificação Semestral;13847;A
13913;Incorporação;13847;A
13914;Outras Gratificações;13847;A
13915;Produção;13854;A
13916;Despesa com Chapa;13856;A
13917;Despesa com Deslocamento;13856;A
13918;Ferramentas Próprias;13856;A
13919;Uniforme;13856;A
13920;Aumento Compensatório Especial;13858;A
13921;Diferença de Caixa;13858;A
13922;Diferenças por Desvio de Função;13858;A
13923;Função de Confiança - Incorporação;13858;A
13924;Integração em Verbas Rescisórias;13858;A
13925;Licença Prêmio;13858;A
13926;Mínimo;13858;A
13927;Período de Afastamento - Reintegração;13858;A
13928;Piso Salarial da Categoria/Salário Mínimo Profissional;13858;A
13929;Plano de Cargos e Salários;13858;A
13930;Promoção;13858;A
13931;Reajuste Salarial;13858;A
13932;Salário Base - Obediência ao Salário Mínimo;13858;A
13933;Salário Complessivo;13858;A
13934;Salário Família;13858;A
13935;Salário in Natura;13858;A
13936;Salário Maternidade;13858;A
13937;Salário Paternidade;13858;A
13938;Salário por Acúmulo de Cargo/Função;13858;A
13939;Salário por Equiparação/Isonomia;13858;A
13940;Salário por Fora - Integração;13858;A
13941;Salário por Safra;13858;A
13942;Salário Substituição;13858;A
13943;Salário Suplementar;13858;A
13944;Salário Vencido/Retido;13858;A
13945;Teto Salarial - Limitação;13858;A
13946;Quadro de Carreira;13939;A
13947;Multa pela Ilicitude da Discriminação Salarial;13939;A
13949;Rescisão do Contrato de Trabalho;12936;A
13950;Acordo Entre as Partes;13949;A
13951;Comunicação de Dispensa aos Órgãos Competentes - Ausência;13949;A
13952;Aposentadoria;13949;A
13953;Culpa Recíproca;13949;A
13954;Despedida/Dispensa Imotivada;13949;A
13955;Dispensas Plúrimas;13949;A
13956;Extinção do Estabelecimento/Empresa;13949;A
13957;Extinção Normal do Contrato a Termo;13949;A
13958;Força Maior/Factum Principis;13949;A
13959;Fraude;13949;A
13960;indenização por Tempo de Serviço;13949;A
13961;Indenização por Rescisão Antecipada do Contrato a Termo;13949;A
13962;Justa Causa/Falta Grave;13949;A
13963;Morte;13949;A
13964;Plano de demissão Voluntária/Incentivada;13949;A
13965;Pedido de Demissão;13949;A
13966;Quitação;13949;A
13967;Reintegração/Readmissão ou Indenização Substitutiva;13949;A
13968;Rescisão Indireta;13949;A
13969;Seguro Desemprego;13949;A
13970;Verbas Rescisórias;13949;A
13971;FGTS - Levantamento Parcial e Multa de 20%;13950;A
13972;Seguro Desemprego - Impossibilidade de Acesso;13950;A
13973;Verbas Rescisórias;13950;A
13974;Nulidade;13954;A
13975;Obstativa;13954;A
13976;Acordo - Comissão de Conciliação Prévia;13966;A
13977;Termo de Quitação Anual;13966;A
13978;Termo de Rescisão Contratual;13966;A
13979;Anistia;13967;A
13980;Contrato Suspenso;13967;A
13981;Dirigente Sindical;13967;A
13982;Empregado Público;13967;A
13983;Estabilidade Acidentária;13967;A
13984;Estabilidade Decorrente de Norma Coletiva;13967;A
13985;Estabilidade do Dirigente de Cooperativa;13967;A
13986;Estabilidade do Integrante de CCP;13967;A
13987;Estabilidade do Representante da Empresa;13967;A
13988;Gestante;13967;A
13989;Membro de Cipa;13967;A
13990;Dispensa Discriminatória;13967;A
13991;Outras Hipóteses de Estabilidade;13967;A
13992;Indenização;13969;A
13993;Liberação/Entrega das Guias;13969;A
13994;Aviso Prévio;13970;A
13995;Décimo Terceiro Salário Proporcional;13970;A
13996;Férias Proporcionais;13970;A
13997;indenização Adicional;13970;A
13998;Multa de 40% do FGTS;13970;A
13999;Multa do Artigo 467 da CLT ;13970;A
14000;Multa do Artigo  477 da CLT;13970;A
14001;Saldo de Salário;13970;A
14002;Contrato de Experiência;13994;A
14003;Culpa Recíproca;13994;A
14004;Indenizado - Efeitos;13994;A
14005;Proporcional;13994;A
14006;Expurgos Inflacionários;13998;A
14007;Responsabilidade Civil do Empregador;12936;A
14008;Indenização por Dano Estético;14007;A
14009;Indenização por Dano Material;14007;A
14010;Indenização por Dano Moral;14007;A
14011;Indenização por Dano Moral Coletivo;14007;A
14012;Acidente de Trabalho;14009;A
14013;Constituição de Capital;14009;A
14014;Doença Ocupacional;14009;A
14015;Pensão Vitalícia;14009;A
14016;Acidente de Trabalho;14010;A
14017;Anotação/Retenção da CTPS;14010;A
14018;Assédio Moral;14010;A
14019;Assédio Sexual;14010;A
14020;Atos Discriminatórios;14010;A
14021;Condições Degradantes;14010;A
14022;Controle de Correspondência Eletrônica;14010;A
14023;Desconfiguração de Justa Causa;14010;A
14024;Doença Ocupacional;14010;A
14025;Fixação do Quantum;14010;A
14026;Limitação de Uso do Banheiro;14010;A
14027;Lista Suja;14010;A
14028;Quebra de sigilo Bancário;14010;A
14029;Revistas Íntimas/Pertences;14010;A
14030;Valor Arbitrado;14010;A
14031;Responsabilidade Civil em Outras Relações de Trabalho;12936;A
14032;Indenização por Dano Material;14031;A
14033;Indenização por Dano Moral;14031;A
14034;Responsabilidade Solidária/Subsidiária;12936;A
14035;Concessão de Serviço Público;14034;A
14036;Grupo Econômico;14034;A
14037;Sócio/Acionista;14034;A
14038;Sócio Retirante;14034;A
14039;Sucessão de Empregadores;14034;A
14040;Terceirização/Tomador de Serviços;14034;A
14041;Bancos;14039;A
14042;Empreitada/Dono da Obra;14040;A
14043;Ente Público;14040;A
14044;Isonomia Salarial;14040;A
14045;Licitude/Ilicitude;14040;A
14046;Prescrição;12942;A
14047;Ação Meramente Declaratória;14046;A
14048;Acidente de trabalho;14046;A
14049;Alteração Contratual;14046;A
14050;Complementação de Aposentadoria/Pensão;14046;A
14051;Comissões - Alteração ou Supressão;14046;A
14052;Contagem do Prazo;14046;A
14053;Contribuições Previdenciárias;14046;A
14054;Desvio de Função e Reenquadramento;14046;A
14055;Expurgos Inflacionários;14046;A
14056;FGTS;14046;A
14057;Intercorrente;14046;A
14058;Interrupção;14046;A
14059;Regime Jurídico - Mudança;14046;A
14060;Ação Ajuizada pelo Sindicato como Substituto Processual;14058;A
14061;Ação Trabalhista Arquivada;14058;A
14062;Ato Inequívoco que Importe no Reconhecimento do Direito;14058;A
14063;Ato Judicial que Constitua em Mora o Devedor;14058;A
14064;Protesto Judicial;14058;A
14066;Mora;7691;A
14067;Legitimidade Ativa e Passiva;12963;A
14068;Exceção de Incompetência Territorial;8828;A
14069;Ausência de Impugnação da Conta de Liquidação/Preclusão;9148;A
14070;Fazenda Pública;10684;A
14072;Litigância de Má Fé;12941;A
14073;Fac-Símilie/E-mail;13020;A
14074;Hora Extra/Intervalo;13237;A
14075;Preparo;13292;A
14076;Custas;14075;A
14077;Depósito;14075;A
14078;Pressupostos Intrínsecos;9098;A
14079;Desfundamentação;14078;A
14080;Artigo 896, § 1º - A, CLT;14078;A
14081;Decisão Interlocutória;9098;A
14082;Transcendência;9098;A
14083;Dissídio Coletivo (1.160);12943;A
14084;Comum Acordo para Ajuizamento;14083;A
14085;Greve;14083;A
14086;Natureza Econômica;14083;A
1654;Contrato Individual de Trabalho;864;I
1658;Duração do Trabalho;864;I
1661;Horas In Itinere;1658;I
1663;Adicional Noturno;1658;I
1666;Insalubridade;2594;I
1681;Periculosidade;2594;I
1690;Contribuição Assistencial;1697;I
1691; Contribuição Confederativa;1697;I
1697;Direito Sindical e Questões Análogas;864;I
1703; Eleição;1697;I
1705; Registro de Entidade Sindical;1697;I
1721;Salário In Natura;2458;I
1723;Assédio Moral;1855;I
1724;Assédio Sexual;1855;I
1767;Cesta Básica;2581;I
1773;Contribuição Sindical;1697;I
1783;Comissões e Percentuais;2581;I
1789;Complemento Temporário Variável de Ajuste ao Piso de Mercado;2581;I
1806;Alteração Contratual ou das Condições de Trabalho;1654;I
1807;Contrato de Experiência - Nulidade;1816;I
1814;Contrato Nulo;5272;I
1816;Contrato Por Prazo Determinado;1654;I
1822;Contrato Temporário;5272;I
1844;CTPS;1654;I
1849;Culpa Recíproca;2620;I
1855;Indenizaçao por Dano Moral;2567;I
1888;Descontos Salariais - Devolução;2581;I
1904;Despedida / Dispensa Imotivada;2620;I
1907;Justa Causa / Falta Grave;2620;I
1920;Diárias;2581;I
1929;Dirigente Sindical;2656;I
1932;Reversão / Retorno ao Cargo Efetivo;1806;I
1937;Responsabilidade Solidária / Subsidiária;864;I
1957;PIS / RAIS;1654;I
1965; Empregado Público;2656;I
1966; Portador de HIV;2656;I
1976;Contrato Suspenso;2656;I
1977;Estabilidade decorrente de Norma Coletiva;2656;I
1978; Gestante;2656;I
1981; Membro da Cipa;2656;I
1998;Multa de 40% do FGTS;2546;I
2019;Fruição / Gozo ;2662;I
2021;Indenização / Terço Constitucional;2662;I
2029;FGTS mas em outro ramo na árvore da justiça do trabalho;1654;I
2031;Correção Monetária;2029;I
2033;Depósito / Diferenças;2029;I
2037;Levantamento / Liberação;2029;I
2086;Horas Extras;1658;I
2116;Sobreaviso;1658;I
2117;Supressão de Horas Extras Habituais - Indenização;2581;I
2133;Inquérito Administrativo;1654;I
2135;Sentença Normativa;864;I
2139;Intervalo Interjornada;1658;I
2140;Intervalo Intrajornada;1658;I
2141;Adicional de Hora Extra;1658;I
2210;Multa do Artigo 467 da CLT;2546;I
2212;Multa do Artigo 477 da CLT;2546;I
2215;Multa Prevista em Norma Coletiva;2581;I
2233;Contratação de Reabilitados e Deficientes Habilitados;1654;I
2243;Plano de Demissão Voluntária;2620;I
2266;Contratação em Período Eleitoral;5272;I
2273;PIS - Indenização;2581;I
2275;Piso Salarial da Categoria / Salário Mínimo Profissional;2458;I
2331;Prêmio;2581;I
2349;Contribuição de Previdência Privada - Resgate;2581;I
2364;Plano de Saúde;2581;I
2409;Enquadramento / Classificação;1654;I
2421;Reintegração de Posse - Despejo;1654;I
2426;Repouso Semanal Remunerado e Feriado;1658;I
2435;Rescisão Indireta;2620;I
2445;Alteração / Revogação de Regulamento da Empresa;1806;I
2449;Reajuste Salarial;2458;I
2450;Gorjeta;2581;I
2452;Salário Vencido / Retido;2458;I
2458;Salário / Diferença Salarial;2581;I
2461;Salário Família;2458;I
2463;Salário Paternidade;2458;I
2466;Salário Por Fora - Integração;2458;I
2468;Salário Por Safra;2458;I
2477;Seguro de Vida;2581;I
2478;Seguro Desemprego;2620;I
2479;Indenização;2478;I
2480;Liberação das Guias;2478;I
2493;Tarefa ;2581;I
2506;Auxílio / Tíquete Alimentação;2581;I
2523;Transferência;1806;I
2537;Unicidade Contratual;1654;I
2540;Vale Transporte;2581;I
2546;Verbas Rescisórias;2620;I
2554;Reconhecimento de Relação de Emprego;1654;I
2557;Aprendizagem;7628;I
2558;Cooperado;7628;I
2559;Estágio;7628;I
2567;Responsabilidade Civil do Empregador;864;I
2569;Acidente de Trabalho;1855;I
2581;Verbas Remuneratórias, Indenizatórias e Benefícios;864;I
2583;Abono;2581;I
2594;Adicional ;2581;I
2604;Adicional de Transferência;2594;I
2606;Ajuda de Custo;2581;I
2620;Rescisão do Contrato de Trabalho;864;I
2622;Aposentadoria e Pensão;864;I
2624;Complementação de Aposentadoria / Pensão;2622;I
2641;AVISO PRÉVIO;2546;I
2656;Reintegração / Readmissão ou Indenização Substitutiva;2620;I
2657;Anistia;2656;I
2661;Estabilidade Acidentária;2656;I
2662;Férias;864;I
2663;Abono Pecuniário;2662;I
2666;Décimo Terceiro Salário;2581;I
2670;Advertência / Suspensão;1654;I
2697;Salário por Equiparação / Isonomia;2458;I
2704;Terceirização / Tomador de Serviços;1937;I
3469;Ultraje Público ao Pudor (Ato/Escrito Obsceno);3463;I
3611;Crimes contra a Segurança Nacional, a Ordem Política e Social;3603;I
3613;Crimes Resultante de Preconceito de Raça ou de Cor;3603;I
3624;Caça ;3618;I
3627;Pesca ;3618;I
3664;Crimes Militares;3603;I
4437;Revisão;2135;I
4442;Restituição / Indenização de Despesa;2581;I
4452;Representação Sindical;1697;I
5269;Mínimo;2458;I
5272;Administração Pública;1654;I
5273;Suspensão / Interrupção do Contrato de Trabalho ;1654;I
5274;Contrato de Trabalho Temporário;1654;I
5276;Advogados;7644;I
5277;Aeronautas;7644;I
5278;Artistas;7644;I
5279;Atleta Profissional;7644;I
5280;Bancários;7644;I
5281;Cabineiros de Elevador;7644;I
5282;Doméstico;7644;I
5284;Engenheiro, Arquiteto e Engenheiro Agrônomo;7644;I
5286;Jornalistas;7644;I
5287;Marítimos;7644;I
5288;Digitadores / Mecanógrafos / Datilógrafos;7644;I
5289;Médicos;7644;I
5290;Mineiros de Subsolos;7644;I
5291;Músicos Profissionais;7644;I
5292;Operadores de Carga e Descarga (Estiva e Capatazia);7644;I
5293;Operadores Cinematográficos;7644;I
5294;Professores;7644;I
5295;Químicos;7644;I
5296;Radialistas;7644;I
5297;Serviços de Telefonia ou Telegrafia;7644;I
5299;Petroleiros;7644;I
5301;Vigia e Vigilantes;7644;I
5352;Anotação / Baixa / Retificação;1844;I
5354;Devolução;1844;I
5356;Grupo Econômico;1937;I
6214;Casamento e Divórcio;6191;I
6233;Planos de Saúde;7771;I
7628;Outras Relações de Trabalho;864;I
7629;Empreitada;7628;I
7630;Representante Comercial Autônomo;7628;I
7631;Honorários Profissionais;7628;I
7632;Trabalhador Eventual;7628;I
7633;Trabalhador Avulso;7628;I
7639;Direito de Greve / Lockout;864;I
7640;Interdito Proibitório;7639;I
7641;Contrato Provisório de Emprego;1654;I
7644;Categoria Profissional Especial;864;I
7645;Aeroviários;7644;I
7646;Rural;7644;I
7647;Contrato em Regime de Tempo Parcial;1654;I
7649;Aplicabilidade;2135;I
7657;Tutela e Curatela;5626;I
7953;Partido Político;9981;I
8805;Sucessão de Empregadores;1937;I
8806;Subempreitada;1937;I
8807;Sócio / Acionista;1937;I
8808;Indenização por Dano Material;2567;I
8809;Acidente de Trabalho;8808;I
8810;Salário por Acúmulo de Cargo / Função;2458;I
8812;Salário Maternidade;2458;I
8813;Licenças e Folgas - Conversão em Pecúnia;2581;I
8816;Salário Substituição;2458;I
8817;Gratificação por Tempo de Serviço;2055;I
8818;Gratificação de Função;2055;I
8820;Décimo Terceiro Salário Proporcional;2546;I
8821;Férias Proporcionais ;2546;I
8822;Indenização Adicional;2546;I
8823;Saldo de Salário;2546;I
8824;Indenização do artigo 478 da CLT;2620;I
9051;Desconfiguração de Justa Causa;1855;I
9487;Licenças / Afastamentos;5273;I
9549;Exclusão de filiado;7953;I
9550;Fusão;7953;I
9551;Eleições - Diretórios;7953;I
9873;Resultante de Preconceito de Raça ou de Cor;9847;I
10029;Ensino Superior;10028;I
10030;Matrícula;10029;I
10031;Financiamento Público da Educação e/ou Pesquisa;10029;I
10032;Colação de Grau;10029;I
10033;Exigência de Estágio Profissionalizante;10029;I
10034;Transferência de Estudante;10029;I
10035;Freqüência às Aulas;10029;I
10036;Penalidades Disciplinares;10029;I
10037;Colisão de Horário;10029;I
10038;Vestibular;10029;I
10039;Mensalidades;10029;I
10040;Currículo Escolar;10029;I
10041;Ingresso no Curso Superior;10029;I
10042;Jubilamento de Aluno;10029;I
10043;Criação e/ou Autorização para funcionamento de Curso Superior;10029;I
10044;Omissão de Entrega de Notas;10029;I
10045;Diplomas/Certificado de Conclusão do Curso;10029;I
10046;Financiamento Privado da Educação e/ou Pesquisa;10029;I
10047;Residência Médica;10029;I
10048;Provão - Avaliação da Educação Superior;10029;I
10049;Sistemas de cotas - Lei 10.558/2002;10029;I
10050;Pós-Graduação;10029;I
10051;Ensino Fundamental e Médio;10028;I
10052;Mensalidade;10051;I
10053;Matrícula;10051;I
10054;Material Didático;10051;I
10055;Exame Nacional de Ensino Médio / ENEM;10051;I
10056;Penalidades Disciplinares;10051;I
10057;Transferência;10051;I
10058;Ensino Especial;10051;I
10059;Exame Supletivo;10051;I
10060;Merenda;10051;I
10061;Transporte;10051;I
10062;Educação Pré-escolar;10051;I
10063;Educação Profissionalizante;10051;I
10064;Saúde;10028;I
10065;Repasse de Verbas do SUS;10064;I
10066;Reajuste da Tabela do SUS;10064;I
10067;Convênio Médico com o SUS;10064;I
10069;Tratamento Médico-Hospitalar e/ou Fornecimento de Medicamentos;10064;I
10070;Ressarcimento ao SUS;10064;I
10071;Genética / Células Tronco;10064;I
10156;Poupança;10154;I
10438;Dano Ambiental;10110;I
10564;Contribuição Sindical Rural;1697;I
10568;Prescrição;864;I
10569;Rural;10568;I
10570;FGTS;10568;I
10571;Acidente de Trabalho;10568;I
10581;Turno Ininterrupto de Revezamento;1658;I
10830;Motim;3664;I
10831;Pederastia ou outro ato de libidinagem;3664;I
10832;Roubo;3664;I
10833;Estelionato;3664;I
10834;Incêndio;3664;I
10835;Peculato;3664;I
10836;Concussão;3664;I
10837;Corrupção ativa;3664;I
10838;Prevaricação;3664;I
10839;Deserção;3664;I
10840;Homicídio;3664;I
10841;Lesões Corporais;3664;I
10842;Lesão levíssima;10841;I
10843;Difamação;3664;I
10844;Injúria;3664;I
10845;Homicídio simples;10840;I
10846;Homicídio qualificado;10840;I
10847;Leve;10841;I
10848;Grave;10841;I
10849;Lesões qualificadas pelo resultado;10841;I
10850;Roubo simples;10832;I
10851;Roubo qualificado;10832;I
10852;Latrocínio;3664;I
10856;Prescrição por Médico não vinculado ao SUS;10069;I
10864;Crimes Hediondos;10635;I
10892;Medicamento / Tratamento / Cirurgia de Eficácia não comprovada;10069;I
10988;Má gestão;5875;I
10989;Má -gestão praticada por Prefeitos e Vereadores;10988;I
10996;Falsificação de documento Público praticado por Funcionário Público;3523;I
10997;Falsificação de documento público praticada por Funcionário Público;10996;I
10999;Conversão em Agravo Retido;9045;I
11516;Subscrição de Mais de Uma Ficha de Filiação Partidária;11497;I
11558;Conduta Vedada a Agente Público;11557;I
11580;Impugnação - Alistamento Eleitoral;11574;I
11581;Impugnação - Inscrição Eleitoral;11580;I
11582;Impugnação - Transferência de Domicílio Eleitoral;11580;I
11614;Prestação de Contas - De Candidato;11584;I
11685;Captação ou Gasto Ilícito de Recursos Financeiros de Campanha Eleitoral;11684;I
11687;Prestação de Contas - De Comitê Financeiro;11686;I
11706;Impugnação;11702;I
11707;Impugnação - Identidade de Eleitor Admitido a Votar;11706;I
11708;Impugnação - Nomeação de Membro da Mesa Receptora;11706;I
11709;Impugnação - Nomeação de Membro da Junta Eleitoral;11706;I
11710;Impugnação - Sistema Eletrônico de Votação;11706;I
11711;Impugnação - Voto por Cédula;11706;I
11712;Registro de Candidatura - DRAP - Partido/Coligação;11583;I
11762;Fusão de Partidos Políticos;11747;I
11851;Terceirização do SUS;10064;I
11852;Financiamento do SUS;10064;I
11853;Vigilância Sanitária e Epidemiológica;10064;I
11854;Saúde Mental;10064;I
11855;Controle Social e Conselhos de Saúde;10064;I
11856;Hospitais e Outras Unidades de Saúde;10064;I
11857;"Doação e Transplante de Órgãos; Tecidos e Partes do Corpo Humano";10064;I
11869;Saneamento;10110;I
11874;Responsabilidade fiscal;9985;I
11883;Tratamento Médico-Hospitalar;10064;I
11884;Fornecimento de Medicamentos;10064;I
11885;Unidade de terapia intensiva (UTI) ou unidade de cuidados intensivos (UCI);11883;I
11993;Internação Compulsória;11854;I
11994;Internação Voluntária;11854;I
11995;Internação Involuntária;11854;I
12025;Crimes do Estatuto do Torcedor;3603;I
12026;Estatuto do Torcedor;9847;I
12043;Registro de Candidatura %u2013 DRAP;11619;I
12152;Revisão de Tutela Antecipada;8826;I
12158;Registro de Ocorrência pela PM;1209;I
12222;Fornecimento de medicamentos;6233;I
12223;Tratamento médico-hospitalar;6233;I
12224;Unidade de terapia intensiva (UTI) ou Unidade de cuidados intensivos (UCI);6233;I
12225;Reajuste contratual;6233;I
12239;Remoção;12235;I
12240;Levantamento;12235;I
12408;Nulidade - Intimação Sem Observância das Prescrições Legais;8919;I
12409;Nulidade - Título Extrajudicial Não Correspondente a Obrigação Certa, Líquida e Exigível;12408;I
12567;Pedido de Dispensa de Convocação para Trabalhos Eleitorais;12566;I
12572;Regularização da Base de Perda e Suspensão (BPSDP);12571;I
12573;Regularização de Histórico;12572;I
12730;Acordo de Não Persecução Penal;7942;I
12836;Assunto complementar de uso obrigatório em demandas educacionais referentes a EAD;12835;I
12847;COTA PARA INGRESSO - AÇÕES AFIRMATIVAS;12794;I
12886;CONTINUADA;12885;I
12898;IDADE PARA MATRÍCULA;12803;I
12923;Jubilamento de Aluno;12797;I
12945;Questões de Alta Complexidade, Grande Impacto e Repercussão ;864;I
12953;Auditores Fiscais em Unaí ;12945;I
12956;Barragem em Brumadinho e Mariana ;12945;I
12990;Execução Previdenciária ;9148;I
12997;Incêndio Boate Kiss ;12945;I
13046;Ação Meramente Declaratória ;10568;I
13049;Acordo entre as Partes ;2620;I
13054;Administradores ;7644;I
13055;Agência e Distribuição ;9580;I
13056;Ajuda Combustível ;2581;I
13057;Ajuda de Custo ;2581;I
13058;Ajuda Quilometragem ;2581;I
13059;Alteração Contratual ;10568;I
13060;Alteração da Jornada ;1658;I
13064;Aposentadoria ;2620;I
13069;Assistentes Sociais ;7644;I
13078;Auxílio Creche ;2581;I
13082;Base de Cálculo ;2662;I
13083;Bibliotecários ;7644;I
13084;Biólogos ;7644;I
13086;Busca e Apreensão ;10670;I
13090;Cesta Básica ;2581;I
13095;Comissões - Alteração ou Supressão ;10568;I
13096;Compensação de Jornada ;1658;I
13102;Complementação de Aposentadoria / Pensão ;10568;I
13103;Complementação de Benefício Previdenciário ;2581;I
13104;Complemento Temporário Variável de Ajuste ao Piso de Mercado ;2581;I
13107;Comunicação da Dispensa aos Órgãos Competentes - Ausência ;2620;I
13108;Concessão de Serviço Público ;1937;I
13113;Contabilistas ;7644;I
13115;Contagem do Prazo ;10568;I
13118;Contrato Intermitente ;1654;I
13119;Contribuição de Previdência Privada  Resgate ;2581;I
13120;Contribuições Previdenciárias ;10568;I
13122;Controle de Jornada ;1658;I
13124;Corretagem ;9580;I
13125;Corretagem ;7628;I
13126;Corretores de Imóveis ;7644;I
13127;Corretores de Seguros ;7644;I
13130;Décimo Terceiro Salário ;2581;I
13136;Depósito ;9580;I
13137;Descontos Salariais  Devolução ;2581;I
13138;Desvio de Função e Reenquadramento ;10568;I
13139;Diarista ;7628;I
13141;Dispensas Plúrimas ou Coletivas ;2620;I
13144;Doença do Próprio Empregado ;10258;I
13147;Economistas ;7644;I
13152;Empregados Portuários ;7644;I
13153;Empreitada ;9580;I
13154;Enfermagem / Enfermeiros ;7644;I
13158;Equipe ;7628;I
13160;Espontânea ;2622;I
13163;Exame Médico Admissional / Demissional ;1654;I
13165;Expurgos Inflacionários ;10568;I
13166;Extinção do Estabelecimento / Empresa ;2620;I
13167;Extinção Normal do Contrato a Termo ;2620;I
13172;Férias Coletivas ;2662;I
13173;Ferroviários ;7644;I
13174;Fisioterapeutas / Terapeutas Ocupacionais ;7644;I
13175;Força Maior / Factum Principis ;2620;I
13178;Fraude ;2620;I
13182;Gueltas ;2581;I
13187;Imissão na Posse ;10670;I
13192;Indenização / Dobra / Terço Constitucional ;2662;I
13193;Indenização por Dano Estético ;2567;I
13194;Indenização por Dano Material ;2567;I
13195;Indenização por Dano Moral ;2567;I
13196;Indenização por Dano Moral Coletivo ;2567;I
13197;Indenização por Rescisão Antecipada de Contrato a Termo ;2620;I
13204;Intercorrente ;10568;I
13208;Interrupção ;10568;I
13214;Juros ;9149;I
13222;Mãe Social ;7628;I
13225;Mandato ;7628;I
13228;Morte ;2620;I
13230;Mútuo ;9580;I
13236;Nutricionistas ;7644;I
13238;Operador de Telemarketing ;7644;I
13242;Outras Categorias Profissionais ;7644;I
13243;Parceria ;7628;I
13246;Participação nos Lucros ou Resultados - PLR ;2581;I
13247;Pedido de Demissão ;2620;I
13262;Prestação de Serviços ;9580;I
13272;Psicólogos ;7644;I
13273;Publicitários ;7644;I
13274;Quebra de Caixa ;2581;I
13275;Quitação ;2620;I
13279;Regime Jurídico - Mudança ;10568;I
13283;Relações Públicas ;7644;I
13289;Reserva de Plenário ;8919;I
13293;Retribuição por Invenção e Patente ;2581;I
13296;Secretários ;7644;I
13301;Sexta Parte ;2581;I
13302;Sócio Retirante ;1937;I
13308;Técnico em Radiologia ;7644;I
13309;Teletrabalho / Trabalho à Distância / Trabalho em Domicílio ;1654;I
13315;Trabalhador Autônomo Não Especificado ;7628;I
13316;Trabalhador Voluntário ;7628;I
13317;Trabalho Externo ;1658;I
13321;Vício de Citação ;8919;I
13324;Abono Previsto em Norma Coletiva / Extensão aos Inativos ;2624;I
13325;Ação Ajuizada pelo Sindicato como Substituto Processual ;13208;I
13326;Ação Trabalhista Arquivada ;13208;I
13327;Acordo - Comissão de Conciliação Prévia ;13275;I
13328;Acordo Individual e/ou Coletivo de Trabalho ;13060;I
13330;Acordo Tácito / Expresso ;13096;I
13331;Acúmulo de Função ;1806;I
13332;Adicional de Antiguidade ;2594;I
13333;Adicional de Caráter Pessoal ;2594;I
13334;Adicional de Confinamento ;2594;I
13335;Adicional de Dedicação Integral ;2594;I
13336;Adicional de Hora Extra ;2140;I
13337;Adicional de Horas Extras ;2086;I
13338;Adicional de Penosidade ;2594;I
13339;Adicional de Produtividade ;2594;I
13340;Adicional de Risco ;13152;I
13341;Adicional de Risco ;2594;I
13344;Anotação / Retenção da CTPS ;1855;I
13349;Assiduidade ;2583;I
13351;Atividade Extraclasse ;5294;I
13352;Atividades Ilícitas ;2554;I
13353;Ato Inequívoco que Importe no Reconhecimento do Direito ;13208;I
13354;Ato Judicial que Constitua em Mora o Devedor ;13208;I
13355;Atos Discriminatórios ;1855;I
13356;Aumento Compensatório Especial ;2458;I
13358;Auxílio / Cesta Alimentação ;2624;I
13360;Banco de Horas ;13096;I
13361;Bancos ;8805;I
13362;Base de Cálculo ;2086;I
13365;Caixa de Previdência ;2624;I
13366;Cálculo / Repercussão ;2426;I
13367;Cargo de Confiança ;5280;I
13368;Cargo de Confiança ;2086;I
13369;Cartão de Ponto ;13122;I
13374;Cessão entre Órgão / Empresa ;5272;I
13375;Cheque Rancho - Integração ;2624;I
13376;Comissionista ;2086;I
13377;Compensação em Atividade Insalubre ;13096;I
13380;Condições Degradantes ;1855;I
13381;Constituição de Capital ;8808;I
13382;Contagem de Minutos Residuais ;2086;I
13383;Contrato de Safra ;1816;I
13384;Contrato de Trabalho Temporário / Provisório ;1816;I
13387;Controle de Correspondência Eletrônica ;1855;I
13388;Conversão de Regime Jurídico ;5272;I
13389;Cooperativa de Trabalho ;2554;I
13391;Dedicação Exclusiva ;5276;I
13392;Dedicação Integral ;2583;I
13393;Dedução / Abatimento de Horas Extras ;2086;I
13394;Depósito Prévio  Recurso Administrativo ;4452;I
13395;Desconto Assistencial ;13137;I
13396;Desconto por Dano  Norma Coletiva ;13137;I
13397;Desconto Sindical ;13137;I
13400;Despesa com Chapa ;4442;I
13401;Despesa com Deslocamento ;4442;I
13402;Desvio de Função ;1806;I
13403;Devolução / Retenção ;1844;I
13404;Diferença de Caixa ;2458;I
13405;Diferenças por Desvio de Função ;2458;I
13408;Divisor ;2086;I
13409;Divisor de Horas Extras ;5280;I
13410;Doença Ocupacional ;8808;I
13411;Doença Ocupacional ;1855;I
13413;Emergência ;2583;I
13414;Empregados ;5276;I
13416;Empreitada / Dono da Obra ;2704;I
13417;Enquadramento ;5280;I
13418;Ente Público ;2704;I
13419;Equiparação Salarial ;5288;I
13421;Especial ;2624;I
13422;Estabilidade do Dirigente de Cooperativa ;2656;I
13423;Estabilidade do Integrante de CCP ;2656;I
13424;Estabilidade do Representante da Empresa ;2656;I
13429;Faltas ;2583;I
13430;Fazenda Pública ;13214;I
13431;Feriado em Dobro ;2426;I
13433;Ferramentas Próprias ;4442;I
13435;FGTS - Levantamento Parcial e Multa de 20% ;13049;I
13436;Fixação do Quantum ;1855;I
13437;Fonte de Custeio ;2624;I
13438;Frentista - Devolução de Cheque ;13137;I
13439;Função de Confiança - Incorporação ;2458;I
13440;Gerentes / Chefia ;5280;I
13441;Gorjeta ;2086;I
13442;Gratificação ;5280;I
13443;Gratificação Ajustada ;2055;I
13444;Gratificação Anual ;2055;I
13445;Gratificação de Aposentadoria ;2055;I
13446;Gratificação de Caixa ;2055;I
13447;Gratificação de Contingente e/ou Participação nos Resultados - Avanço de Nível ;2624;I
13448;Gratificação de Farmácia ;2055;I
13449;Gratificação de Férias ;2055;I
13450;Gratificação Semestral ;2055;I
13453;Hora Extra / Adicional ;5294;I
13454;Hora Noturna / Hora Extra ;13152;I
13455;Hora Noturna Reduzida ;10581;I
13457;Incorporação ;2055;I
13459;Integração ao Salário ;1920;I
13460;Integração em Verbas Rescisórias ;2458;I
13463;Intervalo 15 Minutos Mulher ;2140;I
13464;Intervalo Intrajornada ;5280;I
13465;Isonomia Salarial ;2704;I
13466;Jornada ;5299;I
13467;Jornada Contratual de 6 Horas - Prorrogação ;2140;I
13472;Licença Prêmio ;2458;I
13473;Licitude / Ilicitude ;2704;I
13474;Limitação de Uso do Banheiro ;1855;I
13475;Lista Suja ;1855;I
13479;Mudança de Turno ;1806;I
13480;Multa Administrativa por Ausência de Registro ;1844;I
13484;Natureza Jurídica da Parcela - Repercussão ;2450;I
13485;Natureza Jurídica da Parcela / Repercussão ;2140;I
13486;Nulidade ;1816;I
13487;Nulidade ;1904;I
13488;Obstativa ;1904;I
13490;Outras Gratificações ;2055;I
13491;Outras Hipóteses de Estabilidade ;2656;I
13492;Outras Relações de Emprego ;2554;I
13493;Outros Abonos ;2583;I
13494;Outros Adicionais ;2594;I
13495;Outros Descontos Salariais ;13137;I
13496;Outros Sistemas de Compensação ;13096;I
13497;Parcelas que Integram a Aposentadoria ;2624;I
13498;Pensão Vitalícia ;8808;I
13499;Período do Afastamento - Reintegração ;2458;I
13500;Permanência ;2583;I
13501;Piso Salarial ;5284;I
13502;Plano de Cargos e Salários ;2458;I
13503;Plano de Incentivo ;2624;I
13504;Policial Militar e Civil ;2554;I
13507;Pré-contratação ;2086;I
13508;Prêmio ;2624;I
13511;Previ e Cassi/BB ;13137;I
13512;Previsão de 8 Horas - Norma Coletiva ;10581;I
13513;Produção ;2331;I
13514;Promoção ;2458;I
13515;Prorrogação do Horário Noturno ;1663;I
13516;Protesto Judicial ;13208;I
13517;Quebra de Sigilo Bancário ;1855;I
13518;Quota Preenchimento ;2233;I
13519;Redução / Supressão ;2140;I
13520;Redução Carga Horária ;5294;I
13521;Reenquadramento ;2624;I
13522;Reflexos ;2086;I
13523;Regime 12 x 36 ;13096;I
13527;Repouso Semanal Remunerado ;5294;I
13529;Revistas Íntimas / Pertences ;1855;I
13530;Sábado / Dia Útil ;5280;I
13532;Salário Base - Obediência ao Salário Mínimo ;2458;I
13533;Salário Complessivo ;2458;I
13534;Salário Suplementar ;2458;I
13535;Seguro de Vida ;13137;I
13536;Seguro Desemprego - Impossibilidade de Acesso ;13049;I
13538;Supressão / Limitação por Norma Coletiva ;1661;I
13539;Supressão / Redução de Horas Extras / Indenização ;2086;I
13545;Terceirização ;5272;I
13546;Termo de Quitação Anual ;13275;I
13547;Termo de Rescisão Contratual ;13275;I
13548;Teto Salarial - limitação ;2458;I
13552;Trabalho aos Domingos ;2426;I
13553;Trabalho em Condições Análogas à de Escravo ;2554;I
13554;Trabalho em Domicílio / Teletrabalho ;13060;I
13556;Trabalho sob Aplicativos e/ou Plataformas Digitais ;2554;I
13558;Uniforme ;4442;I
13560;Valor Arbitrado ;1855;I
13561;Verbas Rescisórias ;13049;I
13562;Vício Formal - Pagamento do Adicional de Horas Extras ;13096;I
13564;Transação ;13503;I
13565;Categoria Diferenciada ;13417;I
13566;Financeiras / Equiparação Bancário ;13417;I
13567;Empresa de Processamento de Dados ;13417;I
13568;Isonomia/Diferença Salarial ;13417;I
13569;Programa de Assistência Médica - Benefícios ;2445;I
13577;Base de Cálculo ;1666;I
13578;Equipamento de Proteção Individual - EPI ;1666;I
13579;Lixo Urbano ;1666;I
13580;Óleos Minerais ;1666;I
13581;Outros Agentes Insalubres ;1666;I
13582;Raios Solares ;1666;I
13583;Armazenamento de Líquido Inflamável ;1681;I
13584;Base de Cálculo ;1681;I
13585;Cumulação com Adicional de Insalubridade ;1681;I
13586;Eletricitário ;1681;I
13587;Hora Extra - Integração ;1681;I
13588;Percentual Inferior ao Legal - Norma Coletiva ;1681;I
13589;Radiação Ionizante ou Substância Radioativa ;1681;I
13590;Tempo de Exposição ;1681;I
13591;Quadro de Carreira ;2697;I
13592;Multa pela Ilicitude da Discriminação Salarial ;2697;I
13593;Contrato de Experiência ;2641;I
13594;Culpa Recíproca ;2641;I
13595;Indenizado - Efeitos ;2641;I
13596;Proporcional ;2641;I
13597;Expurgos Inflacionários ;1998;I
13598;Custas ;9050;I
13599;Depósito ;9050;I
13616;Unicidade Sindical ;4452;I
13948;Rescisão do Contrato de Trabalho;864;I
14065;Permuta;10187;I
14071;Ausência Injustificada de Testemunha;12952;I
14089;Comum Acordo para Ajuizamento;14083;I
14090;Comum Acordo para Ajuizamento;14083;I
14097;Violência Doméstica e Familiar contra a Mulher;10949;I
14098;Crimes de Descumprimento de Medida Protetiva de Urgência;10949;I
14119;Quebra de Caixa;13831;I
14125;Proteção de Dados Pessoais (LGPD);12467;I
14152;Correspondência - ECT;10502;I
14153;Correspondência - ECT;10502;I
14160;Política Pública de Preços;10502;I
14181;Tuberculose Ativa;14180;I
14182;Alienação Mental;14180;I
14183;Esclerose Múltipla;14180;I
14184;Neoplasia Maligna;14180;I
14185;Cegueira;14180;I
14186;Hanseníase;14180;I
14187;Cardiopatia Grave;14180;I
14188;Doença de Parkinson;14180;I
14189;Paralisia Irreversível e Incapacitante;14180;I
14190;Espondilaortrose Anquisolante;14180;I
14191;Nefropatia Grave;14180;I
14192;Mal de Paget (Osteíte Deformante);14180;I
14193;Síndrome de Imunodeficiência Adquirida;14180;I
14653;Redução à Condição Análoga à de Escravo;864;I
14679;Explosão da Fábrica de Fogos de Santo Antônio de Jesus/BA;12467;I
14697;Racismo;3603;I
14699;Racismo;9847;I
14743;Protesto de CDA;4949;I
14807;Rural (art. 59/63);7757;I
14836;Cálculo do Benefício com Base na Regra Definitiva Prevista no Art. 29 da Lei 8.213/1991, Quando Mais Favorável que a Regra de Transição Contida no Art. 3º da Lei 9.876/1999;6119;I
14883;Fundo de Saúde do Exército - FUSEX;6077;I
14928;Indulto;7791;I
15013;Ausência ou Irregularidade no CNPJ;11725;I
15015;Propaganda Política - Propaganda Eleitoral - Bem Particular de Uso Comum;11652;I
15546;Violência Doméstica contra a Mulher;12543;A
